date,tau,K,call_option_price,S,r,put_option_price,Midquote,Contribution by strike,,date,tau,K,call_option_price,S,r,put_option_price,Midquote,Contribution by strike,,
01-02-2015,15,1965,98.55,2058.2,0.0015,5.15,51.85,6.7146E-05,,,,,,,,,,,,
01-02-2015,15,1970,93.95,2058.2,0.0015,5.55,49.75,6.4096E-05,,,,,,,,,,,,
01-02-2015,15,1975,89.4,2058.2,0.0015,6,47.7,6.1144E-05,,01-02-2015,35,1975,98.55,2058.2,0.0019,16.7,57.625,7.38797E-05,,
01-02-2015,15,1980,85.05,2058.2,0.0015,6.45,45.75,5.83486E-05,,01-02-2015,35,1980,94.25,2058.2,0.0019,17.45,55.85,7.123E-05,T1,T2
01-02-2015,15,1985,80.3,2058.2,0.0015,6.9,43.6,5.53268E-05,,01-02-2015,35,1985,90.05,2058.2,0.0019,18.25,54.15,6.87144E-05,0.041,0.095
01-02-2015,15,1990,75.95,2058.2,0.0015,7.5,41.725,5.26818E-05,,01-02-2015,35,1990,85.9,2058.2,0.0019,19.1,52.5,6.62862E-05,,
01-02-2015,15,1995,71.6,2058.2,0.0015,8.05,39.825,5.00311E-05,,01-02-2015,35,1995,81.75,2058.2,0.0019,20,50.875,6.39129E-05,,
01-02-2015,15,2000,67.35,2058.2,0.0015,8.65,38,0.0000475,,01-02-2015,35,2000,77.75,2058.2,0.0019,21,49.375,6.17188E-05,,
01-02-2015,15,2005,63.05,2058.2,0.0015,9.35,36.2,4.50246E-05,,01-02-2015,35,2005,73.6,2058.2,0.0019,22,47.8,5.94524E-05,,
01-02-2015,15,2010,58.75,2058.2,0.0015,10.05,34.4,4.25732E-05,,01-02-2015,35,2010,69.7,2058.2,0.0019,22.95,46.325,5.73315E-05,,
01-02-2015,15,2015,54.55,2058.2,0.0015,10.95,32.75,4.03303E-05,,01-02-2015,35,2015,65.75,2058.2,0.0019,24.05,44.9,5.52925E-05,,
01-02-2015,15,2020,50.4,2058.2,0.0015,11.8,31.1,3.8109E-05,,01-02-2015,35,2020,61.85,2058.2,0.0019,25.25,43.55,5.33649E-05,,
01-02-2015,15,2025,46.35,2058.2,0.0015,12.75,29.55,3.60311E-05,,01-02-2015,35,2025,58.15,2058.2,0.0019,26.45,42.3,5.15775E-05,,
01-02-2015,15,2030,42.45,2058.2,0.0015,13.85,28.15,3.41552E-05,,01-02-2015,35,2030,54.4,2058.2,0.0019,27.7,41.05,4.98071E-05,,
01-02-2015,15,2035,38.6,2058.2,0.0015,14.95,26.775,3.23274E-05,,01-02-2015,35,2035,50.85,2058.2,0.0019,29.1,39.975,4.82647E-05,,
01-02-2015,15,2040,34.85,2058.2,0.0015,16.25,25.55,3.06973E-05,,01-02-2015,35,2040,47.35,2058.2,0.0019,30.55,38.95,4.67969E-05,,
01-02-2015,15,2045,31.1,2058.2,0.0015,17.65,24.375,2.91426E-05,,01-02-2015,35,2045,43.9,2058.2,0.0019,32.05,37.975,4.54026E-05,,
01-02-2015,15,2050,27.15,2058.2,0.0015,19.15,23.15,2.75431E-05,,01-02-2015,35,2050,40.5,2058.2,0.0019,33.75,37.125,4.41701E-05,,
01-02-2015,15,2055,24.3,2058.2,0.0015,20.8,22.55,2.66989E-05,,01-02-2015,35,2055,37.3,2058.2,0.0019,35.45,36.375,4.30675E-05,,
01-02-2015,15,2060,20.85,2058.2,0.0015,22.65,21.75,2.56268E-05,,01-02-2015,35,2060,34.1,2058.2,0.0019,37.3,35.7,4.20633E-05,,
01-02-2015,15,2065,17.95,2058.2,0.0015,24.7,21.325,2.50045E-05,,01-02-2015,35,2065,31.15,2058.2,0.0019,39.25,35.2,4.12736E-05,,
01-02-2015,15,2070,15.25,2058.2,0.0015,26.9,21.075,2.45922E-05,,01-02-2015,35,2070,28.15,2058.2,0.0019,41.4,34.775,4.05785E-05,,
01-02-2015,15,2075,12.65,2058.2,0.0015,29.2,20.925,2.42996E-05,,01-02-2015,35,2075,25.4,2058.2,0.0019,43.6,34.5,4.00639E-05,,
01-02-2015,15,2080,10.2,2058.2,0.0015,31.9,21.05,2.43274E-05,,01-02-2015,35,2080,22.75,2058.2,0.0019,46,34.375,3.9727E-05,,
01-02-2015,15,2085,8.25,2058.2,0.0015,34.8,21.525,2.47572E-05,,01-02-2015,35,2085,20.3,2058.2,0.0019,48.5,34.4,3.95655E-05,,
01-02-2015,15,2090,6.45,2058.2,0.0015,37.85,22.15,2.53543E-05,,01-02-2015,35,2090,18,2058.2,0.0019,51.1,34.55,3.95481E-05,,
01-02-2015,15,2095,4.95,2058.2,0.0015,41.3,23.125,2.63441E-05,,01-02-2015,35,2095,15.8,2058.2,0.0019,54.05,34.925,3.97867E-05,,
01-02-2015,15,2100,3.7,2058.2,0.0015,45.2,24.45,2.77211E-05,,01-02-2015,35,2100,13.75,2058.2,0.0019,56.95,35.35,4.00794E-05,,
01-02-2015,15,2105,2.75,2058.2,0.0015,49.3,26.025,2.93668E-05,,01-02-2015,35,2105,11.85,2058.2,0.0019,60.05,35.95,4.05662E-05,,
01-02-2015,15,2110,1.975,2058.2,0.0015,53.6,27.7875,3.12072E-05,,01-02-2015,35,2110,10.2,2058.2,0.0019,63.4,36.8,4.13288E-05,,
01-02-2015,35,1975,98.55,2058.2,0.0019,16.7,,,,01-02-2015,35,2115,8.65,2058.2,0.0019,66.95,,,,
01-02-2015,35,1980,94.25,2058.2,0.0019,17.45,,,,01-02-2015,35,2120,7.35,2058.2,0.0019,70.5,,,,
01-02-2015,35,1985,90.05,2058.2,0.0019,18.25,,,,01-02-2015,35,2125,6.15,2058.2,0.0019,74.3,,,,
01-02-2015,35,1990,85.9,2058.2,0.0019,19.1,,,,01-02-2015,35,2130,5.15,2058.2,0.0019,78.25,,,,
01-02-2015,35,1995,81.75,2058.2,0.0019,20,,,,01-02-2015,35,2135,4.25,2058.2,0.0019,82.35,,,,
01-02-2015,35,2000,77.75,2058.2,0.0019,21,,,,01-02-2015,35,2140,3.5,2058.2,0.0019,86.65,,,,
01-02-2015,35,2005,73.6,2058.2,0.0019,22,,,,01-02-2015,35,2145,2.8,2058.2,0.0019,91,,,,
01-02-2015,35,2010,69.7,2058.2,0.0019,22.95,,,,01-02-2015,35,2150,2.25,2058.2,0.0019,95.3,,,,
01-02-2015,35,2015,65.75,2058.2,0.0019,24.05,,,,01-02-2015,35,2155,1.925,2058.2,0.0019,99.85,,,,
01-02-2015,35,2020,61.85,2058.2,0.0019,25.25,,,,,,,,,,,,,,
01-02-2015,35,2025,58.15,2058.2,0.0019,26.45,,,,,,,,,,,,,,
01-02-2015,35,2030,54.4,2058.2,0.0019,27.7,,,,,,,,,,,,,,
01-02-2015,35,2035,50.85,2058.2,0.0019,29.1,,,,,,,,,,,,,,
01-02-2015,35,2040,47.35,2058.2,0.0019,30.55,,,,,,,,,,,,,,
01-02-2015,35,2045,43.9,2058.2,0.0019,32.05,,,,,,,,,,,,,,
01-02-2015,35,2050,40.5,2058.2,0.0019,33.75,,,,,,,,,,,,,,
01-02-2015,35,2055,37.3,2058.2,0.0019,35.45,,,,,,,,,,,,,,
01-02-2015,35,2060,34.1,2058.2,0.0019,37.3,,,,,,,,,,,,,,
01-02-2015,35,2065,31.15,2058.2,0.0019,39.25,,,,,,,,,,,,,,
01-02-2015,35,2070,28.15,2058.2,0.0019,41.4,,,,,,,,,,,,,,
01-02-2015,35,2075,25.4,2058.2,0.0019,43.6,,,,,,,,,,,,,,
01-02-2015,35,2080,22.75,2058.2,0.0019,46,,,,,,,,,,,,,,
01-02-2015,35,2085,20.3,2058.2,0.0019,48.5,,,,,,,,,,,,,,
01-02-2015,35,2090,18,2058.2,0.0019,51.1,,,,,,,,,,,,,,
01-02-2015,35,2095,15.8,2058.2,0.0019,54.05,,,,,,,,,,,,,,
01-02-2015,35,2100,13.75,2058.2,0.0019,56.95,,,,,,,,,,,,,,
01-02-2015,35,2105,11.85,2058.2,0.0019,60.05,,,,,,,,,,,,,,
01-02-2015,35,2110,10.2,2058.2,0.0019,63.4,,,,,,,,,,,,,,
01-02-2015,35,2115,8.65,2058.2,0.0019,66.95,,,,,,,,,,,,,,
01-02-2015,35,2120,7.35,2058.2,0.0019,70.5,,,,,,,,,,,,,,
01-02-2015,35,2125,6.15,2058.2,0.0019,74.3,,,,,,,,,,,,,,
01-02-2015,35,2130,5.15,2058.2,0.0019,78.25,,,,,,,,,,,,,,
01-02-2015,35,2135,4.25,2058.2,0.0019,82.35,,,,,,,,,,,,,,
01-02-2015,35,2140,3.5,2058.2,0.0019,86.65,,,,,,,,,,,,,,
01-02-2015,35,2145,2.8,2058.2,0.0019,91,,,,,,,,,,,,,,
01-02-2015,35,2150,2.25,2058.2,0.0019,95.3,,,,,,,,,,,,,,
01-02-2015,35,2155,1.925,2058.2,0.0019,99.85,,,,,,,,,,,,,,
01-05-2015,18,1935,95.75,2020.58,0.0015,10.1,,,,,,,,,,,,,,
01-05-2015,18,1940,91.4,2020.58,0.0015,10.75,,,,,,,,,,,,,,
01-05-2015,18,1945,87.1,2020.58,0.0015,11.4,,,,,,,,,,,,,,
01-05-2015,18,1950,82.8,2020.58,0.0015,12.15,,,,,,,,,,,,,,
01-05-2015,18,1955,78.6,2020.58,0.0015,12.95,,,,,,,,,,,,,,
01-05-2015,18,1960,74.45,2020.58,0.0015,13.75,,,,,,,,,,,,,,
01-05-2015,18,1965,70.35,2020.58,0.0015,14.6,,,,,,,,,,,,,,
01-05-2015,18,1970,66.3,2020.58,0.0015,15.6,,,,,,,,,,,,,,
01-05-2015,18,1975,62.3,2020.58,0.0015,16.6,,,,,,,,,,,,,,
01-05-2015,18,1980,58.55,2020.58,0.0015,17.65,,,,,,,,,,,,,,
01-05-2015,18,1985,54.55,2020.58,0.0015,18.8,,,,,,,,,,,,,,
01-05-2015,18,1990,50.75,2020.58,0.0015,20,,,,,,,,,,,,,,
01-05-2015,18,1995,47,2020.58,0.0015,21.3,,,,,,,,,,,,,,
01-05-2015,18,2000,43.45,2020.58,0.0015,22.65,,,,,,,,,,,,,,
01-05-2015,18,2005,39.9,2020.58,0.0015,24.15,,,,,,,,,,,,,,
01-05-2015,18,2010,36.5,2020.58,0.0015,25.75,,,,,,,,,,,,,,
01-05-2015,18,2015,33.2,2020.58,0.0015,27.45,,,,,,,,,,,,,,
01-05-2015,18,2020,30.05,2020.58,0.0015,29.25,,,,,,,,,,,,,,
01-05-2015,18,2025,27,2020.58,0.0015,31.1,,,,,,,,,,,,,,
01-05-2015,18,2030,23.95,2020.58,0.0015,33.2,,,,,,,,,,,,,,
01-05-2015,18,2035,21.1,2020.58,0.0015,35.7,,,,,,,,,,,,,,
01-05-2015,18,2040,18.5,2020.58,0.0015,38.1,,,,,,,,,,,,,,
01-05-2015,18,2045,16.05,2020.58,0.0015,40.65,,,,,,,,,,,,,,
01-05-2015,18,2050,13.75,2020.58,0.0015,43.4,,,,,,,,,,,,,,
01-05-2015,18,2055,11.65,2020.58,0.0015,46.3,,,,,,,,,,,,,,
01-05-2015,18,2060,9.8,2020.58,0.0015,49.35,,,,,,,,,,,,,,
01-05-2015,18,2065,8.1,2020.58,0.0015,52.7,,,,,,,,,,,,,,
01-05-2015,18,2070,6.65,2020.58,0.0015,56.2,,,,,,,,,,,,,,
01-05-2015,18,2075,5.35,2020.58,0.0015,59.85,,,,,,,,,,,,,,
01-05-2015,18,2080,4.2,2020.58,0.0015,63.75,,,,,,,,,,,,,,
01-05-2015,18,2085,3.35,2020.58,0.0015,67.75,,,,,,,,,,,,,,
01-05-2015,18,2090,2.6,2020.58,0.0015,71.85,,,,,,,,,,,,,,
01-05-2015,18,2095,2.025,2020.58,0.0015,76.3,,,,,,,,,,,,,,
01-05-2015,18,2100,1.575,2020.58,0.0015,80.85,,,,,,,,,,,,,,
01-05-2015,39,1945,96.9,2020.58,0.0021,24.3,,,,,,,,,,,,,,
01-05-2015,39,1950,92.9,2020.58,0.0021,25.3,,,,,,,,,,,,,,
01-05-2015,39,1955,88.95,2020.58,0.0021,26.3,,,,,,,,,,,,,,
01-05-2015,39,1960,85.05,2020.58,0.0021,27.4,,,,,,,,,,,,,,
01-05-2015,39,1965,81.2,2020.58,0.0021,28.5,,,,,,,,,,,,,,
01-05-2015,39,1970,77.3,2020.58,0.0021,29.7,,,,,,,,,,,,,,
01-05-2015,39,1975,73.55,2020.58,0.0021,30.9,,,,,,,,,,,,,,
01-05-2015,39,1980,69.85,2020.58,0.0021,32.15,,,,,,,,,,,,,,
01-05-2015,39,1985,66.15,2020.58,0.0021,33.5,,,,,,,,,,,,,,
01-05-2015,39,1990,62.5,2020.58,0.0021,34.9,,,,,,,,,,,,,,
01-05-2015,39,1995,59.2,2020.58,0.0021,36.4,,,,,,,,,,,,,,
01-05-2015,39,2000,55.65,2020.58,0.0021,37.9,,,,,,,,,,,,,,
01-05-2015,39,2005,52.25,2020.58,0.0021,39.45,,,,,,,,,,,,,,
01-05-2015,39,2010,48.75,2020.58,0.0021,41.15,,,,,,,,,,,,,,
01-05-2015,39,2015,45.6,2020.58,0.0021,42.95,,,,,,,,,,,,,,
01-05-2015,39,2020,42.45,2020.58,0.0021,44.8,,,,,,,,,,,,,,
01-05-2015,39,2025,39.35,2020.58,0.0021,46.75,,,,,,,,,,,,,,
01-05-2015,39,2030,36.45,2020.58,0.0021,48.8,,,,,,,,,,,,,,
01-05-2015,39,2035,33.55,2020.58,0.0021,50.9,,,,,,,,,,,,,,
01-05-2015,39,2040,30.8,2020.58,0.0021,53.2,,,,,,,,,,,,,,
01-05-2015,39,2045,28.15,2020.58,0.0021,55.5,,,,,,,,,,,,,,
01-05-2015,39,2050,25.6,2020.58,0.0021,58,,,,,,,,,,,,,,
01-05-2015,39,2055,23.25,2020.58,0.0021,60.6,,,,,,,,,,,,,,
01-05-2015,39,2060,20.95,2020.58,0.0021,63.35,,,,,,,,,,,,,,
01-05-2015,39,2065,18.85,2020.58,0.0021,66.15,,,,,,,,,,,,,,
01-05-2015,39,2070,16.85,2020.58,0.0021,68.9,,,,,,,,,,,,,,
01-05-2015,39,2075,15,2020.58,0.0021,72.2,,,,,,,,,,,,,,
01-05-2015,39,2080,13.2,2020.58,0.0021,75.45,,,,,,,,,,,,,,
01-05-2015,39,2085,11.65,2020.58,0.0021,78.8,,,,,,,,,,,,,,
01-05-2015,39,2090,10.15,2020.58,0.0021,82.3,,,,,,,,,,,,,,
01-05-2015,39,2095,8.85,2020.58,0.0021,85.95,,,,,,,,,,,,,,
01-05-2015,39,2100,7.6,2020.58,0.0021,89.75,,,,,,,,,,,,,,
01-05-2015,39,2105,6.6,2020.58,0.0021,93.45,,,,,,,,,,,,,,
01-05-2015,39,2110,5.6,2020.58,0.0021,97.7,,,,,,,,,,,,,,
01-05-2015,39,2115,4.7,2020.58,0.0021,101.85,,,,,,,,,,,,,,
01-05-2015,39,2120,4.05,2020.58,0.0021,105.35,,,,,,,,,,,,,,
01-05-2015,39,2125,3.4,2020.58,0.0021,110.35,,,,,,,,,,,,,,
01-05-2015,39,2130,2.9,2020.58,0.0021,114.8,,,,,,,,,,,,,,
01-05-2015,39,2135,2.4,2020.58,0.0021,119.35,,,,,,,,,,,,,,
01-05-2015,39,2140,2,2020.58,0.0021,123.9,,,,,,,,,,,,,,
01-05-2015,39,2145,1.675,2020.58,0.0021,128.45,,,,,,,,,,,,,,
01-06-2015,17,1915,97.15,2002.61,0.0015,10.25,,,,,,,,,,,,,,
01-06-2015,17,1920,92.8,2002.61,0.0015,10.85,,,,,,,,,,,,,,
01-06-2015,17,1925,88.5,2002.61,0.0015,11.55,,,,,,,,,,,,,,
01-06-2015,17,1930,84.3,2002.61,0.0015,12.35,,,,,,,,,,,,,,
01-06-2015,17,1935,80.1,2002.61,0.0015,13.15,,,,,,,,,,,,,,
01-06-2015,17,1940,76,2002.61,0.0015,14,,,,,,,,,,,,,,
01-06-2015,17,1945,72.15,2002.61,0.0015,14.9,,,,,,,,,,,,,,
01-06-2015,17,1950,67.85,2002.61,0.0015,15.9,,,,,,,,,,,,,,
01-06-2015,17,1955,63.9,2002.61,0.0015,16.9,,,,,,,,,,,,,,
01-06-2015,17,1960,59.95,2002.61,0.0015,18,,,,,,,,,,,,,,
01-06-2015,17,1965,56.1,2002.61,0.0015,19.15,,,,,,,,,,,,,,
01-06-2015,17,1970,52.4,2002.61,0.0015,20.4,,,,,,,,,,,,,,
01-06-2015,17,1975,48.7,2002.61,0.0015,21.75,,,,,,,,,,,,,,
01-06-2015,17,1980,45.45,2002.61,0.0015,23.2,,,,,,,,,,,,,,
01-06-2015,17,1985,41.9,2002.61,0.0015,24.7,,,,,,,,,,,,,,
01-06-2015,17,1990,38.3,2002.61,0.0015,26.35,,,,,,,,,,,,,,
01-06-2015,17,1995,35.2,2002.61,0.0015,28.05,,,,,,,,,,,,,,
01-06-2015,17,2000,32.05,2002.61,0.0015,29.9,,,,,,,,,,,,,,
01-06-2015,17,2005,28.65,2002.61,0.0015,32.05,,,,,,,,,,,,,,
01-06-2015,17,2010,25.8,2002.61,0.0015,34.2,,,,,,,,,,,,,,
01-06-2015,17,2015,23.05,2002.61,0.0015,36.4,,,,,,,,,,,,,,
01-06-2015,17,2020,20.45,2002.61,0.0015,38.75,,,,,,,,,,,,,,
01-06-2015,17,2025,18,2002.61,0.0015,41.3,,,,,,,,,,,,,,
01-06-2015,17,2030,15.65,2002.61,0.0015,44.1,,,,,,,,,,,,,,
01-06-2015,17,2035,13.55,2002.61,0.0015,46.95,,,,,,,,,,,,,,
01-06-2015,17,2040,11.6,2002.61,0.0015,49.95,,,,,,,,,,,,,,
01-06-2015,17,2045,9.8,2002.61,0.0015,53.1,,,,,,,,,,,,,,
01-06-2015,17,2050,8.25,2002.61,0.0015,56.5,,,,,,,,,,,,,,
01-06-2015,17,2055,6.8,2002.61,0.0015,60.1,,,,,,,,,,,,,,
01-06-2015,17,2060,5.55,2002.61,0.0015,63.7,,,,,,,,,,,,,,
01-06-2015,17,2065,4.55,2002.61,0.0015,67.75,,,,,,,,,,,,,,
01-06-2015,17,2070,3.7,2002.61,0.0015,71.85,,,,,,,,,,,,,,
01-06-2015,17,2075,2.925,2002.61,0.0015,76.1,,,,,,,,,,,,,,
01-06-2015,17,2080,2.35,2002.61,0.0015,80.55,,,,,,,,,,,,,,
01-06-2015,17,2085,1.875,2002.61,0.0015,85.05,,,,,,,,,,,,,,
01-06-2015,38,1925,99.2,2002.61,0.0021,25.05,,,,,,,,,,,,,,
01-06-2015,38,1930,95.05,2002.61,0.0021,26.05,,,,,,,,,,,,,,
01-06-2015,38,1935,91.25,2002.61,0.0021,27.15,,,,,,,,,,,,,,
01-06-2015,38,1940,87.35,2002.61,0.0021,28.25,,,,,,,,,,,,,,
01-06-2015,38,1945,83.55,2002.61,0.0021,29.4,,,,,,,,,,,,,,
01-06-2015,38,1950,79.7,2002.61,0.0021,30.65,,,,,,,,,,,,,,
01-06-2015,38,1955,75.85,2002.61,0.0021,31.9,,,,,,,,,,,,,,
01-06-2015,38,1960,72.3,2002.61,0.0021,33.2,,,,,,,,,,,,,,
01-06-2015,38,1965,68.6,2002.61,0.0021,34.55,,,,,,,,,,,,,,
01-06-2015,38,1970,65.05,2002.61,0.0021,36,,,,,,,,,,,,,,
01-06-2015,38,1975,61.55,2002.61,0.0021,37.5,,,,,,,,,,,,,,
01-06-2015,38,1980,58.1,2002.61,0.0021,38.95,,,,,,,,,,,,,,
01-06-2015,38,1985,54.7,2002.61,0.0021,40.7,,,,,,,,,,,,,,
01-06-2015,38,1990,51.35,2002.61,0.0021,42.4,,,,,,,,,,,,,,
01-06-2015,38,1995,48.2,2002.61,0.0021,44.05,,,,,,,,,,,,,,
01-06-2015,38,2000,45.05,2002.61,0.0021,46.05,,,,,,,,,,,,,,
01-06-2015,38,2005,42.05,2002.61,0.0021,48.05,,,,,,,,,,,,,,
01-06-2015,38,2010,39.05,2002.61,0.0021,50,,,,,,,,,,,,,,
01-06-2015,38,2015,36.25,2002.61,0.0021,52.1,,,,,,,,,,,,,,
01-06-2015,38,2020,33.45,2002.61,0.0021,54.3,,,,,,,,,,,,,,
01-06-2015,38,2025,30.8,2002.61,0.0021,56.7,,,,,,,,,,,,,,
01-06-2015,38,2030,28.35,2002.61,0.0021,59.1,,,,,,,,,,,,,,
01-06-2015,38,2035,25.85,2002.61,0.0021,61.6,,,,,,,,,,,,,,
01-06-2015,38,2040,23.55,2002.61,0.0021,64.3,,,,,,,,,,,,,,
01-06-2015,38,2045,21.35,2002.61,0.0021,67.15,,,,,,,,,,,,,,
01-06-2015,38,2050,19.2,2002.61,0.0021,70.05,,,,,,,,,,,,,,
01-06-2015,38,2055,17.3,2002.61,0.0021,73.15,,,,,,,,,,,,,,
01-06-2015,38,2060,15.4,2002.61,0.0021,76.2,,,,,,,,,,,,,,
01-06-2015,38,2065,13.7,2002.61,0.0021,79.5,,,,,,,,,,,,,,
01-06-2015,38,2070,12.15,2002.61,0.0021,82.95,,,,,,,,,,,,,,
01-06-2015,38,2075,10.75,2002.61,0.0021,86.5,,,,,,,,,,,,,,
01-06-2015,38,2080,9.45,2002.61,0.0021,90.25,,,,,,,,,,,,,,
01-06-2015,38,2085,8.25,2002.61,0.0021,93.95,,,,,,,,,,,,,,
01-06-2015,38,2090,7.1,2002.61,0.0021,97.85,,,,,,,,,,,,,,
01-06-2015,38,2095,6.15,2002.61,0.0021,102.05,,,,,,,,,,,,,,
01-06-2015,38,2100,5.3,2002.61,0.0021,106.05,,,,,,,,,,,,,,
01-06-2015,38,2105,4.55,2002.61,0.0021,110.25,,,,,,,,,,,,,,
01-06-2015,38,2110,3.85,2002.61,0.0021,114.65,,,,,,,,,,,,,,
01-06-2015,38,2115,3.35,2002.61,0.0021,119.05,,,,,,,,,,,,,,
01-06-2015,38,2120,2.875,2002.61,0.0021,123.3,,,,,,,,,,,,,,
01-06-2015,38,2125,2.375,2002.61,0.0021,127.9,,,,,,,,,,,,,,
01-06-2015,38,2130,2.025,2002.61,0.0021,131.9,,,,,,,,,,,,,,
01-06-2015,38,2135,1.725,2002.61,0.0021,137.15,,,,,,,,,,,,,,
01-07-2015,16,1935,96.9,2025.9,0.0015,7.15,,,,,,,,,,,,,,
01-07-2015,16,1940,92.25,2025.9,0.0015,7.65,,,,,,,,,,,,,,
01-07-2015,16,1945,88,2025.9,0.0015,8.3,,,,,,,,,,,,,,
01-07-2015,16,1950,83.6,2025.9,0.0015,8.9,,,,,,,,,,,,,,
01-07-2015,16,1955,79.2,2025.9,0.0015,9.55,,,,,,,,,,,,,,
01-07-2015,16,1960,75.05,2025.9,0.0015,10.2,,,,,,,,,,,,,,
01-07-2015,16,1965,70.8,2025.9,0.0015,11,,,,,,,,,,,,,,
01-07-2015,16,1970,66.65,2025.9,0.0015,11.85,,,,,,,,,,,,,,
01-07-2015,16,1975,62.5,2025.9,0.0015,12.75,,,,,,,,,,,,,,
01-07-2015,16,1980,58.5,2025.9,0.0015,13.7,,,,,,,,,,,,,,
01-07-2015,16,1985,54.45,2025.9,0.0015,14.8,,,,,,,,,,,,,,
01-07-2015,16,1990,50.7,2025.9,0.0015,16,,,,,,,,,,,,,,
01-07-2015,16,1995,46.85,2025.9,0.0015,17.25,,,,,,,,,,,,,,
01-07-2015,16,2000,43.3,2025.9,0.0015,18.55,,,,,,,,,,,,,,
01-07-2015,16,2005,39.75,2025.9,0.0015,19.95,,,,,,,,,,,,,,
01-07-2015,16,2010,36.2,2025.9,0.0015,21.6,,,,,,,,,,,,,,
01-07-2015,16,2015,32.8,2025.9,0.0015,23.15,,,,,,,,,,,,,,
01-07-2015,16,2020,29.65,2025.9,0.0015,25.05,,,,,,,,,,,,,,
01-07-2015,16,2025,26.4,2025.9,0.0015,26.95,,,,,,,,,,,,,,
01-07-2015,16,2030,23.5,2025.9,0.0015,29.05,,,,,,,,,,,,,,
01-07-2015,16,2035,20.7,2025.9,0.0015,31.25,,,,,,,,,,,,,,
01-07-2015,16,2040,18.25,2025.9,0.0015,33.65,,,,,,,,,,,,,,
01-07-2015,16,2045,15.8,2025.9,0.0015,36.1,,,,,,,,,,,,,,
01-07-2015,16,2050,13.55,2025.9,0.0015,38.85,,,,,,,,,,,,,,
01-07-2015,16,2055,11.45,2025.9,0.0015,41.65,,,,,,,,,,,,,,
01-07-2015,16,2060,9.55,2025.9,0.0015,44.8,,,,,,,,,,,,,,
01-07-2015,16,2065,7.95,2025.9,0.0015,48.1,,,,,,,,,,,,,,
01-07-2015,16,2070,6.5,2025.9,0.0015,51.65,,,,,,,,,,,,,,
01-07-2015,16,2075,5.2,2025.9,0.0015,55.5,,,,,,,,,,,,,,
01-07-2015,16,2080,4.2,2025.9,0.0015,59.2,,,,,,,,,,,,,,
01-07-2015,16,2085,3.3,2025.9,0.0015,63.4,,,,,,,,,,,,,,
01-07-2015,16,2090,2.625,2025.9,0.0015,67.45,,,,,,,,,,,,,,
01-07-2015,16,2095,2.075,2025.9,0.0015,71.85,,,,,,,,,,,,,,
01-07-2015,16,2100,1.625,2025.9,0.0015,76.45,,,,,,,,,,,,,,
01-07-2015,37,1945,97.9,2025.9,0.0021,21.2,,,,,,,,,,,,,,
01-07-2015,37,1950,93.9,2025.9,0.0021,22.1,,,,,,,,,,,,,,
01-07-2015,37,1955,89.9,2025.9,0.0021,23.1,,,,,,,,,,,,,,
01-07-2015,37,1960,86,2025.9,0.0021,24.25,,,,,,,,,,,,,,
01-07-2015,37,1965,82.15,2025.9,0.0021,25.3,,,,,,,,,,,,,,
01-07-2015,37,1970,78.3,2025.9,0.0021,26.5,,,,,,,,,,,,,,
01-07-2015,37,1975,74.45,2025.9,0.0021,27.6,,,,,,,,,,,,,,
01-07-2015,37,1980,70.75,2025.9,0.0021,28.95,,,,,,,,,,,,,,
01-07-2015,37,1985,67.05,2025.9,0.0021,30.2,,,,,,,,,,,,,,
01-07-2015,37,1990,63.45,2025.9,0.0021,31.6,,,,,,,,,,,,,,
01-07-2015,37,1995,59.9,2025.9,0.0021,33.15,,,,,,,,,,,,,,
01-07-2015,37,2000,56.4,2025.9,0.0021,34.65,,,,,,,,,,,,,,
01-07-2015,37,2005,53,2025.9,0.0021,36.2,,,,,,,,,,,,,,
01-07-2015,37,2010,49.65,2025.9,0.0021,37.85,,,,,,,,,,,,,,
01-07-2015,37,2015,46.4,2025.9,0.0021,39.6,,,,,,,,,,,,,,
01-07-2015,37,2020,43.35,2025.9,0.0021,41.45,,,,,,,,,,,,,,
01-07-2015,37,2025,40.25,2025.9,0.0021,43.35,,,,,,,,,,,,,,
01-07-2015,37,2030,37.25,2025.9,0.0021,45.35,,,,,,,,,,,,,,
01-07-2015,37,2035,34.4,2025.9,0.0021,47.55,,,,,,,,,,,,,,
01-07-2015,37,2040,31.6,2025.9,0.0021,49.7,,,,,,,,,,,,,,
01-07-2015,37,2045,28.95,2025.9,0.0021,52.1,,,,,,,,,,,,,,
01-07-2015,37,2050,26.45,2025.9,0.0021,54.55,,,,,,,,,,,,,,
01-07-2015,37,2055,24.05,2025.9,0.0021,57.15,,,,,,,,,,,,,,
01-07-2015,37,2060,21.75,2025.9,0.0021,59.85,,,,,,,,,,,,,,
01-07-2015,37,2065,19.55,2025.9,0.0021,62.7,,,,,,,,,,,,,,
01-07-2015,37,2070,17.55,2025.9,0.0021,65.6,,,,,,,,,,,,,,
01-07-2015,37,2075,15.65,2025.9,0.0021,68.75,,,,,,,,,,,,,,
01-07-2015,37,2080,13.9,2025.9,0.0021,72,,,,,,,,,,,,,,
01-07-2015,37,2085,12.25,2025.9,0.0021,75.35,,,,,,,,,,,,,,
01-07-2015,37,2090,10.8,2025.9,0.0021,78.85,,,,,,,,,,,,,,
01-07-2015,37,2095,9.4,2025.9,0.0021,82.5,,,,,,,,,,,,,,
01-07-2015,37,2100,8.2,2025.9,0.0021,86.25,,,,,,,,,,,,,,
01-07-2015,37,2105,7.1,2025.9,0.0021,90.15,,,,,,,,,,,,,,
01-07-2015,37,2110,6.1,2025.9,0.0021,94.15,,,,,,,,,,,,,,
01-07-2015,37,2115,5.2,2025.9,0.0021,98.35,,,,,,,,,,,,,,
01-07-2015,37,2120,4.45,2025.9,0.0021,102.5,,,,,,,,,,,,,,
01-07-2015,37,2125,3.8,2025.9,0.0021,107.3,,,,,,,,,,,,,,
01-07-2015,37,2130,3.25,2025.9,0.0021,111.7,,,,,,,,,,,,,,
01-07-2015,37,2135,2.75,2025.9,0.0021,116.3,,,,,,,,,,,,,,
01-07-2015,37,2140,2.325,2025.9,0.0021,120.85,,,,,,,,,,,,,,
01-07-2015,37,2145,1.95,2025.9,0.0021,125.45,,,,,,,,,,,,,,
01-07-2015,37,2150,1.7,2025.9,0.0021,130,,,,,,,,,,,,,,
,,,,,,,0,,,,,,,,,,,,,
,,,,,,,0,,,,,,,,,,,,,
,,,,,,,0,,,,,,near term con strike,,next term con strike,,near term p2,,next term p2,
,,,,,,,0,,,,,,0.055000396,,0.029575804,,0.036585,,0.009468,
,,,,,,,0,,,,,,,,,,,,,
,,,,,,,0,,,,,,sigma2(1),,sigma2(2),,,,,
,,,,,,,0,,,,,,0.018415396,,0.020107804,,,,,
,,,,,,,0,,,,,,,,,,,,,
,,,,,,,0,,,,,,,,,,,,,
,,,,,,,0,,,,,,,,,,,,,
,,,,,,,0,,,,,,,,,,,,,
,,,,,,,0,,,,,,,,,,,,,
,,,,,,,0,,,,,,,,,,,,,
,,,,,,,0,,,,,,,,,,,,,
,,,,,,,0,,,,,,,,,,,,,
,,,,,,,0,,,,,,,,,,,,,
,,,,,,,0,,,,,,,,,,,,,
,,,,,,,0,,,,,,,,,,,,,
,,,,,,,0,,,,,,,,,,,,,
,,,,,,,0,,,,,,,,,,,,,
,,,,,,,0,,,,,,,,,,,,,
,,,,,,,0,,,,,,,,,,,,,
,,,,,,,0,,,,,,,,,,,,,
,,,,,,,0,,,,,,,,,,,,,
,,,,,,,0,,,,,,,,,,,,,
,,,,,,,0,,,,,,,,,,,,,
,,,,,,,0,,,,,,,,,,,,,
,,,,,,,0,,,,,,,,,,,,,
,,,,,,,0,,,,,,,,,,,,,
,,,,,,,0,,,,,,,,,,,,,
01-08-2015,15,2120,1.75,2062.14,0.0015,60.5,31.125,,,,,,,,,,,,,
01-08-2015,36,1980,95.8,2062.14,0.0021,17.25,,,,,,,,,,,,,,
01-08-2015,36,1985,91.7,2062.14,0.0021,18.1,,,,,,,,,,,,,,
01-08-2015,36,1990,87.45,2062.14,0.0021,19,,,,,,,,,,,,,,
01-08-2015,36,1995,83.35,2062.14,0.0021,19.9,,,,,,,,,,,,,,
01-08-2015,36,2000,79.35,2062.14,0.0021,20.95,,,,,,,,,,,,,,
01-08-2015,36,2005,75.35,2062.14,0.0021,21.95,,,,,,,,,,,,,,
01-08-2015,36,2010,71.55,2062.14,0.0021,23.05,,,,,,,,,,,,,,
01-08-2015,36,2015,67.6,2062.14,0.0021,24.2,,,,,,,,,,,,,,
01-08-2015,36,2020,63.8,2062.14,0.0021,25.4,,,,,,,,,,,,,,
01-08-2015,36,2025,60,2062.14,0.0021,26.65,,,,,,,,,,,,,,
01-08-2015,36,2030,56.45,2062.14,0.0021,28.05,,,,,,,,,,,,,,
01-08-2015,36,2035,52.85,2062.14,0.0021,29.35,,,,,,,,,,,,,,
01-08-2015,36,2040,49.45,2062.14,0.0021,30.85,,,,,,,,,,,,,,
01-08-2015,36,2045,45.95,2062.14,0.0021,32.55,,,,,,,,,,,,,,
01-08-2015,36,2050,42.65,2062.14,0.0021,34.15,,,,,,,,,,,,,,
01-08-2015,36,2055,39.4,2062.14,0.0021,36,,,,,,,,,,,,,,
01-08-2015,36,2060,36.4,2062.14,0.0021,37.9,,,,,,,,,,,,,,
01-08-2015,36,2065,33.45,2062.14,0.0021,39.8,,,,,,,,,,,,,,
01-08-2015,36,2070,30.45,2062.14,0.0021,41.9,,,,,,,,,,,,,,
01-08-2015,36,2075,27.7,2062.14,0.0021,44.15,,,,,,,,,,,,,,
01-08-2015,36,2080,25.1,2062.14,0.0021,46.55,,,,,,,,,,,,,,
01-08-2015,36,2085,22.55,2062.14,0.0021,49.05,,,,,,,,,,,,,,
01-08-2015,36,2090,20.2,2062.14,0.0021,51.65,,,,,,,,,,,,,,
01-08-2015,36,2095,18,2062.14,0.0021,54.5,,,,,,,,,,,,,,
01-08-2015,36,2100,15.9,2062.14,0.0021,57.35,,,,,,,,,,,,,,
01-08-2015,36,2105,13.95,2062.14,0.0021,60.4,,,,,,,,,,,,,,
01-08-2015,36,2110,12.25,2062.14,0.0021,63.7,,,,,,,,,,,,,,
01-08-2015,36,2115,10.55,2062.14,0.0021,67.05,,,,,,,,,,,,,,
01-08-2015,36,2120,9.1,2062.14,0.0021,71.05,,,,,,,,,,,,,,
01-08-2015,36,2125,7.8,2062.14,0.0021,74.75,,,,,,,,,,,,,,
01-08-2015,36,2130,6.65,2062.14,0.0021,78.6,,,,,,,,,,,,,,
01-08-2015,36,2135,5.6,2062.14,0.0021,82.15,,,,,,,,,,,,,,
01-08-2015,36,2140,4.7,2062.14,0.0021,86.65,,,,,,,,,,,,,,
01-08-2015,36,2145,3.9,2062.14,0.0021,90.85,,,,,,,,,,,,,,
01-08-2015,36,2150,3.25,2062.14,0.0021,95.2,,,,,,,,,,,,,,
01-08-2015,36,2155,2.7,2062.14,0.0021,99.2,,,,,,,,,,,,,,
01-08-2015,36,2160,2.225,2062.14,0.0021,104.2,,,,,,,,,,,,,,
01-08-2015,36,2165,1.875,2062.14,0.0021,108.1,,,,,,,,,,,,,,
01-08-2015,36,2170,1.525,2062.14,0.0021,113.4,,,,,,,,,,,,,,
01-09-2015,14,1950,98.85,2044.81,0.0015,4.15,,,,,,,,,,,,,,
01-09-2015,14,1955,94.25,2044.81,0.0015,4.45,,,,,,,,,,,,,,
01-09-2015,14,1960,89.65,2044.81,0.0015,4.85,,,,,,,,,,,,,,
01-09-2015,14,1965,85.1,2044.81,0.0015,5.3,,,,,,,,,,,,,,
01-09-2015,14,1970,80.6,2044.81,0.0015,5.75,,,,,,,,,,,,,,
01-09-2015,14,1975,76.15,2044.81,0.0015,6.35,,,,,,,,,,,,,,
01-09-2015,14,1980,71.7,2044.81,0.0015,6.95,,,,,,,,,,,,,,
01-09-2015,14,1985,67.4,2044.81,0.0015,7.55,,,,,,,,,,,,,,
01-09-2015,14,1990,63.2,2044.81,0.0015,8.3,,,,,,,,,,,,,,
01-09-2015,14,1995,59,2044.81,0.0015,9.1,,,,,,,,,,,,,,
01-09-2015,14,2000,54.9,2044.81,0.0015,9.95,,,,,,,,,,,,,,
01-09-2015,14,2005,50.8,2044.81,0.0015,10.9,,,,,,,,,,,,,,
01-09-2015,14,2010,46.8,2044.81,0.0015,11.9,,,,,,,,,,,,,,
01-09-2015,14,2015,42.95,2044.81,0.0015,13.1,,,,,,,,,,,,,,
01-09-2015,14,2020,39.15,2044.81,0.0015,14.35,,,,,,,,,,,,,,
01-09-2015,14,2025,35.55,2044.81,0.0015,15.75,,,,,,,,,,,,,,
01-09-2015,14,2030,32.05,2044.81,0.0015,17.2,,,,,,,,,,,,,,
01-09-2015,14,2035,28.55,2044.81,0.0015,18.85,,,,,,,,,,,,,,
01-09-2015,14,2040,25.35,2044.81,0.0015,20.45,,,,,,,,,,,,,,
01-09-2015,14,2045,22.15,2044.81,0.0015,22.3,,,,,,,,,,,,,,
01-09-2015,14,2050,19.1,2044.81,0.0015,24.35,,,,,,,,,,,,,,
01-09-2015,14,2055,16.25,2044.81,0.0015,26.5,,,,,,,,,,,,,,
01-09-2015,14,2060,13.65,2044.81,0.0015,28.95,,,,,,,,,,,,,,
01-09-2015,14,2065,11.3,2044.81,0.0015,31.6,,,,,,,,,,,,,,
01-09-2015,14,2070,9.25,2044.81,0.0015,34.5,,,,,,,,,,,,,,
01-09-2015,14,2075,7.4,2044.81,0.0015,37.65,,,,,,,,,,,,,,
01-09-2015,14,2080,5.85,2044.81,0.0015,41.1,,,,,,,,,,,,,,
01-09-2015,14,2085,4.55,2044.81,0.0015,44.75,,,,,,,,,,,,,,
01-09-2015,14,2090,3.45,2044.81,0.0015,48.55,,,,,,,,,,,,,,
01-09-2015,14,2095,2.65,2044.81,0.0015,52.45,,,,,,,,,,,,,,
01-09-2015,14,2100,2,2044.81,0.0015,56.85,,,,,,,,,,,,,,
01-09-2015,35,1960,99.1,2044.81,0.0021,17.2,,,,,,,,,,,,,,
01-09-2015,35,1965,95,2044.81,0.0021,18.05,,,,,,,,,,,,,,
01-09-2015,35,1970,90.9,2044.81,0.0021,18.95,,,,,,,,,,,,,,
01-09-2015,35,1975,86.8,2044.81,0.0021,19.9,,,,,,,,,,,,,,
01-09-2015,35,1980,82.8,2044.81,0.0021,20.85,,,,,,,,,,,,,,
01-09-2015,35,1985,78.85,2044.81,0.0021,21.9,,,,,,,,,,,,,,
01-09-2015,35,1990,74.85,2044.81,0.0021,23,,,,,,,,,,,,,,
01-09-2015,35,1995,71.05,2044.81,0.0021,24.1,,,,,,,,,,,,,,
01-09-2015,35,2000,67.15,2044.81,0.0021,25.3,,,,,,,,,,,,,,
01-09-2015,35,2005,63.45,2044.81,0.0021,26.55,,,,,,,,,,,,,,
01-09-2015,35,2010,59.75,2044.81,0.0021,27.9,,,,,,,,,,,,,,
01-09-2015,35,2015,56.15,2044.81,0.0021,29.3,,,,,,,,,,,,,,
01-09-2015,35,2020,52.55,2044.81,0.0021,30.7,,,,,,,,,,,,,,
01-09-2015,35,2025,49.1,2044.81,0.0021,32.25,,,,,,,,,,,,,,
01-09-2015,35,2030,45.7,2044.81,0.0021,33.8,,,,,,,,,,,,,,
01-09-2015,35,2035,42.45,2044.81,0.0021,35.65,,,,,,,,,,,,,,
01-09-2015,35,2040,39.2,2044.81,0.0021,37.4,,,,,,,,,,,,,,
01-09-2015,35,2045,36.1,2044.81,0.0021,39.3,,,,,,,,,,,,,,
01-09-2015,35,2050,33.1,2044.81,0.0021,41.3,,,,,,,,,,,,,,
01-09-2015,35,2055,30.35,2044.81,0.0021,43.4,,,,,,,,,,,,,,
01-09-2015,35,2060,27.45,2044.81,0.0021,45.7,,,,,,,,,,,,,,
01-09-2015,35,2065,24.85,2044.81,0.0021,48.1,,,,,,,,,,,,,,
01-09-2015,35,2070,22.3,2044.81,0.0021,50.5,,,,,,,,,,,,,,
01-09-2015,35,2075,19.9,2044.81,0.0021,53.1,,,,,,,,,,,,,,
01-09-2015,35,2080,17.75,2044.81,0.0021,55.9,,,,,,,,,,,,,,
01-09-2015,35,2085,15.65,2044.81,0.0021,58.8,,,,,,,,,,,,,,
01-09-2015,35,2090,13.7,2044.81,0.0021,61.85,,,,,,,,,,,,,,
01-09-2015,35,2095,11.95,2044.81,0.0021,65.1,,,,,,,,,,,,,,
01-09-2015,35,2100,10.35,2044.81,0.0021,68.65,,,,,,,,,,,,,,
01-09-2015,35,2105,8.85,2044.81,0.0021,72,,,,,,,,,,,,,,
01-09-2015,35,2110,7.6,2044.81,0.0021,75.85,,,,,,,,,,,,,,
01-09-2015,35,2115,6.45,2044.81,0.0021,79.7,,,,,,,,,,,,,,
01-09-2015,35,2120,5.45,2044.81,0.0021,83.35,,,,,,,,,,,,,,
01-09-2015,35,2125,4.55,2044.81,0.0021,87.55,,,,,,,,,,,,,,
01-09-2015,35,2130,3.8,2044.81,0.0021,91.75,,,,,,,,,,,,,,
01-09-2015,35,2135,3.175,2044.81,0.0021,96.15,,,,,,,,,,,,,,
01-09-2015,35,2140,2.675,2044.81,0.0021,100.55,,,,,,,,,,,,,,
01-09-2015,35,2145,2.15,2044.81,0.0021,104.65,,,,,,,,,,,,,,
01-09-2015,35,2150,1.8,2044.81,0.0021,109.5,,,,,,,,,,,,,,
01-09-2015,35,2155,1.525,2044.81,0.0021,114.3,,,,,,,,,,,,,,
01-12-2015,18,1940,97.4,2028.26,0.0016,9.05,,,,,,,,,,,,,,
01-12-2015,18,1945,93.1,2028.26,0.0016,9.7,,,,,,,,,,,,,,
01-12-2015,18,1950,88.9,2028.26,0.0016,10.4,,,,,,,,,,,,,,
01-12-2015,18,1955,84.6,2028.26,0.0016,11.15,,,,,,,,,,,,,,
01-12-2015,18,1960,80.4,2028.26,0.0016,11.95,,,,,,,,,,,,,,
01-12-2015,18,1965,76.25,2028.26,0.0016,12.9,,,,,,,,,,,,,,
01-12-2015,18,1970,72.15,2028.26,0.0016,13.75,,,,,,,,,,,,,,
01-12-2015,18,1975,68.15,2028.26,0.0016,14.8,,,,,,,,,,,,,,
01-12-2015,18,1980,64.1,2028.26,0.0016,15.9,,,,,,,,,,,,,,
01-12-2015,18,1985,60.2,2028.26,0.0016,16.95,,,,,,,,,,,,,,
01-12-2015,18,1990,56.5,2028.26,0.0016,18.1,,,,,,,,,,,,,,
01-12-2015,18,1995,52.6,2028.26,0.0016,19.35,,,,,,,,,,,,,,
01-12-2015,18,2000,48.95,2028.26,0.0016,20.7,,,,,,,,,,,,,,
01-12-2015,18,2005,45.3,2028.26,0.0016,22.1,,,,,,,,,,,,,,
01-12-2015,18,2010,41.9,2028.26,0.0016,23.55,,,,,,,,,,,,,,
01-12-2015,18,2015,38.3,2028.26,0.0016,25.05,,,,,,,,,,,,,,
01-12-2015,18,2020,35.05,2028.26,0.0016,26.75,,,,,,,,,,,,,,
01-12-2015,18,2025,32,2028.26,0.0016,28.8,,,,,,,,,,,,,,
01-12-2015,18,2030,28.9,2028.26,0.0016,30.8,,,,,,,,,,,,,,
01-12-2015,18,2035,25.95,2028.26,0.0016,32.85,,,,,,,,,,,,,,
01-12-2015,18,2040,23.05,2028.26,0.0016,35.05,,,,,,,,,,,,,,
01-12-2015,18,2045,20.4,2028.26,0.0016,37.4,,,,,,,,,,,,,,
01-12-2015,18,2050,17.9,2028.26,0.0016,39.95,,,,,,,,,,,,,,
01-12-2015,18,2055,15.55,2028.26,0.0016,42.6,,,,,,,,,,,,,,
01-12-2015,18,2060,13.35,2028.26,0.0016,45.45,,,,,,,,,,,,,,
01-12-2015,18,2065,11.35,2028.26,0.0016,48.45,,,,,,,,,,,,,,
01-12-2015,18,2070,9.55,2028.26,0.0016,51.7,,,,,,,,,,,,,,
01-12-2015,18,2075,7.9,2028.26,0.0016,55.05,,,,,,,,,,,,,,
01-12-2015,18,2080,6.5,2028.26,0.0016,58.65,,,,,,,,,,,,,,
01-12-2015,18,2085,5.3,2028.26,0.0016,62.35,,,,,,,,,,,,,,
01-12-2015,18,2090,4.25,2028.26,0.0016,66.3,,,,,,,,,,,,,,
01-12-2015,18,2095,3.35,2028.26,0.0016,70.25,,,,,,,,,,,,,,
01-12-2015,18,2100,2.675,2028.26,0.0016,74.5,,,,,,,,,,,,,,
01-12-2015,18,2105,2.125,2028.26,0.0016,79,,,,,,,,,,,,,,
01-12-2015,18,2110,1.7,2028.26,0.0016,83.25,,,,,,,,,,,,,,
01-12-2015,39,1950,96.85,2028.26,0.0023,22.9,,,,,,,,,,,,,,
01-12-2015,39,1955,92.9,2028.26,0.0023,23.8,,,,,,,,,,,,,,
01-12-2015,39,1960,88.95,2028.26,0.0023,24.85,,,,,,,,,,,,,,
01-12-2015,39,1965,85.1,2028.26,0.0023,26.05,,,,,,,,,,,,,,
01-12-2015,39,1970,81.2,2028.26,0.0023,27.25,,,,,,,,,,,,,,
01-12-2015,39,1975,77.4,2028.26,0.0023,28.4,,,,,,,,,,,,,,
01-12-2015,39,1980,73.65,2028.26,0.0023,29.65,,,,,,,,,,,,,,
01-12-2015,39,1985,69.95,2028.26,0.0023,31,,,,,,,,,,,,,,
01-12-2015,39,1990,66.4,2028.26,0.0023,32.2,,,,,,,,,,,,,,
01-12-2015,39,1995,62.75,2028.26,0.0023,33.75,,,,,,,,,,,,,,
01-12-2015,39,2000,59.35,2028.26,0.0023,35,,,,,,,,,,,,,,
01-12-2015,39,2005,55.8,2028.26,0.0023,36.65,,,,,,,,,,,,,,
01-12-2015,39,2010,52.4,2028.26,0.0023,38.1,,,,,,,,,,,,,,
01-12-2015,39,2015,48.95,2028.26,0.0023,40,,,,,,,,,,,,,,
01-12-2015,39,2020,45.75,2028.26,0.0023,41.25,,,,,,,,,,,,,,
01-12-2015,39,2025,42.65,2028.26,0.0023,43.45,,,,,,,,,,,,,,
01-12-2015,39,2030,39.6,2028.26,0.0023,45.7,,,,,,,,,,,,,,
01-12-2015,39,2035,36.7,2028.26,0.0023,47.6,,,,,,,,,,,,,,
01-12-2015,39,2040,33.85,2028.26,0.0023,49.5,,,,,,,,,,,,,,
01-12-2015,39,2045,31.05,2028.26,0.0023,52.1,,,,,,,,,,,,,,
01-12-2015,39,2050,28.35,2028.26,0.0023,54.35,,,,,,,,,,,,,,
01-12-2015,39,2055,25.8,2028.26,0.0023,56.95,,,,,,,,,,,,,,
01-12-2015,39,2060,23.3,2028.26,0.0023,59.45,,,,,,,,,,,,,,
01-12-2015,39,2065,21.1,2028.26,0.0023,61.85,,,,,,,,,,,,,,
01-12-2015,39,2070,18.95,2028.26,0.0023,64.6,,,,,,,,,,,,,,
01-12-2015,39,2075,17,2028.26,0.0023,67.9,,,,,,,,,,,,,,
01-12-2015,39,2080,15.2,2028.26,0.0023,71.05,,,,,,,,,,,,,,
01-12-2015,39,2085,13.45,2028.26,0.0023,74.5,,,,,,,,,,,,,,
01-12-2015,39,2090,11.85,2028.26,0.0023,77.7,,,,,,,,,,,,,,
01-12-2015,39,2095,10.25,2028.26,0.0023,81.2,,,,,,,,,,,,,,
01-12-2015,39,2100,8.95,2028.26,0.0023,84.85,,,,,,,,,,,,,,
01-12-2015,39,2105,7.65,2028.26,0.0023,88.6,,,,,,,,,,,,,,
01-12-2015,39,2110,6.7,2028.26,0.0023,92.5,,,,,,,,,,,,,,
01-12-2015,39,2115,5.7,2028.26,0.0023,96.5,,,,,,,,,,,,,,
01-12-2015,39,2120,4.85,2028.26,0.0023,100.7,,,,,,,,,,,,,,
01-12-2015,39,2125,4.05,2028.26,0.0023,104.85,,,,,,,,,,,,,,
01-12-2015,39,2130,3.45,2028.26,0.0023,108.85,,,,,,,,,,,,,,
01-12-2015,39,2135,2.875,2028.26,0.0023,113.55,,,,,,,,,,,,,,
01-12-2015,39,2140,2.45,2028.26,0.0023,117.8,,,,,,,,,,,,,,
01-12-2015,39,2145,1.925,2028.26,0.0023,122.4,,,,,,,,,,,,,,
01-12-2015,39,2150,1.7,2028.26,0.0023,127.3,,,,,,,,,,,,,,
1/13/2015,17,1935,96.05,2023.03,0.0016,10.1,,,,,,,,,,,,,,
1/13/2015,17,1940,91.85,2023.03,0.0016,10.75,,,,,,,,,,,,,,
1/13/2015,17,1945,87.5,2023.03,0.0016,11.5,,,,,,,,,,,,,,
1/13/2015,17,1950,83.35,2023.03,0.0016,12.25,,,,,,,,,,,,,,
1/13/2015,17,1955,79.15,2023.03,0.0016,13.15,,,,,,,,,,,,,,
1/13/2015,17,1960,75,2023.03,0.0016,14,,,,,,,,,,,,,,
1/13/2015,17,1965,71,2023.03,0.0016,15,,,,,,,,,,,,,,
1/13/2015,17,1970,67.1,2023.03,0.0016,16.05,,,,,,,,,,,,,,
1/13/2015,17,1975,63.2,2023.03,0.0016,17.15,,,,,,,,,,,,,,
1/13/2015,17,1980,59.65,2023.03,0.0016,18.3,,,,,,,,,,,,,,
1/13/2015,17,1985,55.85,2023.03,0.0016,19.55,,,,,,,,,,,,,,
1/13/2015,17,1990,51.95,2023.03,0.0016,20.8,,,,,,,,,,,,,,
1/13/2015,17,1995,48.4,2023.03,0.0016,22.2,,,,,,,,,,,,,,
1/13/2015,17,2000,44.8,2023.03,0.0016,23.7,,,,,,,,,,,,,,
1/13/2015,17,2005,41.3,2023.03,0.0016,25.2,,,,,,,,,,,,,,
1/13/2015,17,2010,37.8,2023.03,0.0016,26.9,,,,,,,,,,,,,,
1/13/2015,17,2015,34.7,2023.03,0.0016,28.6,,,,,,,,,,,,,,
1/13/2015,17,2020,31.6,2023.03,0.0016,30.5,,,,,,,,,,,,,,
1/13/2015,17,2025,28.55,2023.03,0.0016,32.45,,,,,,,,,,,,,,
1/13/2015,17,2030,25.8,2023.03,0.0016,34.65,,,,,,,,,,,,,,
1/13/2015,17,2035,23.05,2023.03,0.0016,36.85,,,,,,,,,,,,,,
1/13/2015,17,2040,20.45,2023.03,0.0016,39.25,,,,,,,,,,,,,,
1/13/2015,17,2045,17.95,2023.03,0.0016,41.85,,,,,,,,,,,,,,
1/13/2015,17,2050,15.75,2023.03,0.0016,44.6,,,,,,,,,,,,,,
1/13/2015,17,2055,13.6,2023.03,0.0016,47.45,,,,,,,,,,,,,,
1/13/2015,17,2060,11.6,2023.03,0.0016,50.6,,,,,,,,,,,,,,
1/13/2015,17,2065,9.95,2023.03,0.0016,53.8,,,,,,,,,,,,,,
1/13/2015,17,2070,8.35,2023.03,0.0016,57.3,,,,,,,,,,,,,,
1/13/2015,17,2075,6.9,2023.03,0.0016,60.9,,,,,,,,,,,,,,
1/13/2015,17,2080,5.7,2023.03,0.0016,64.5,,,,,,,,,,,,,,
1/13/2015,17,2085,4.6,2023.03,0.0016,68.1,,,,,,,,,,,,,,
1/13/2015,17,2090,3.65,2023.03,0.0016,72.55,,,,,,,,,,,,,,
1/13/2015,17,2095,2.875,2023.03,0.0016,76.5,,,,,,,,,,,,,,
1/13/2015,17,2100,2.25,2023.03,0.0016,80.9,,,,,,,,,,,,,,
1/13/2015,17,2105,1.75,2023.03,0.0016,85.4,,,,,,,,,,,,,,
1/13/2015,38,1940,99.9,2023.03,0.0023,22.7,,,,,,,,,,,,,,
1/13/2015,38,1945,95.9,2023.03,0.0023,23.8,,,,,,,,,,,,,,
1/13/2015,38,1950,91.95,2023.03,0.0023,24.65,,,,,,,,,,,,,,
1/13/2015,38,1955,88.1,2023.03,0.0023,25.9,,,,,,,,,,,,,,
1/13/2015,38,1960,84.1,2023.03,0.0023,26.95,,,,,,,,,,,,,,
1/13/2015,38,1965,80.45,2023.03,0.0023,28.2,,,,,,,,,,,,,,
1/13/2015,38,1970,76.6,2023.03,0.0023,29.4,,,,,,,,,,,,,,
1/13/2015,38,1975,72.85,2023.03,0.0023,30.7,,,,,,,,,,,,,,
1/13/2015,38,1980,69.15,2023.03,0.0023,32.05,,,,,,,,,,,,,,
1/13/2015,38,1985,65.55,2023.03,0.0023,33.35,,,,,,,,,,,,,,
1/13/2015,38,1990,62.05,2023.03,0.0023,34.9,,,,,,,,,,,,,,
1/13/2015,38,1995,58.65,2023.03,0.0023,36.35,,,,,,,,,,,,,,
1/13/2015,38,2000,55.2,2023.03,0.0023,37.95,,,,,,,,,,,,,,
1/13/2015,38,2005,51.95,2023.03,0.0023,39.55,,,,,,,,,,,,,,
1/13/2015,38,2010,48.55,2023.03,0.0023,41.25,,,,,,,,,,,,,,
1/13/2015,38,2015,45.4,2023.03,0.0023,43.1,,,,,,,,,,,,,,
1/13/2015,38,2020,42.2,2023.03,0.0023,45.1,,,,,,,,,,,,,,
1/13/2015,38,2025,39.25,2023.03,0.0023,47.05,,,,,,,,,,,,,,
1/13/2015,38,2030,36.35,2023.03,0.0023,49.15,,,,,,,,,,,,,,
1/13/2015,38,2035,33.6,2023.03,0.0023,51.3,,,,,,,,,,,,,,
1/13/2015,38,2040,30.8,2023.03,0.0023,53.6,,,,,,,,,,,,,,
1/13/2015,38,2045,28.15,2023.03,0.0023,55.95,,,,,,,,,,,,,,
1/13/2015,38,2050,25.7,2023.03,0.0023,58.55,,,,,,,,,,,,,,
1/13/2015,38,2055,23.35,2023.03,0.0023,61.05,,,,,,,,,,,,,,
1/13/2015,38,2060,21.05,2023.03,0.0023,63.85,,,,,,,,,,,,,,
1/13/2015,38,2065,19,2023.03,0.0023,66.75,,,,,,,,,,,,,,
1/13/2015,38,2070,17.05,2023.03,0.0023,69.7,,,,,,,,,,,,,,
1/13/2015,38,2075,15.05,2023.03,0.0023,72.85,,,,,,,,,,,,,,
1/13/2015,38,2080,13.35,2023.03,0.0023,76,,,,,,,,,,,,,,
1/13/2015,38,2085,11.75,2023.03,0.0023,79.4,,,,,,,,,,,,,,
1/13/2015,38,2090,10.3,2023.03,0.0023,82.95,,,,,,,,,,,,,,
1/13/2015,38,2095,8.9,2023.03,0.0023,86.45,,,,,,,,,,,,,,
1/13/2015,38,2100,7.95,2023.03,0.0023,90.45,,,,,,,,,,,,,,
1/13/2015,38,2105,6.65,2023.03,0.0023,94.3,,,,,,,,,,,,,,
1/13/2015,38,2110,5.75,2023.03,0.0023,98.35,,,,,,,,,,,,,,
1/13/2015,38,2115,4.8,2023.03,0.0023,102.5,,,,,,,,,,,,,,
1/13/2015,38,2120,4.05,2023.03,0.0023,106.75,,,,,,,,,,,,,,
1/13/2015,38,2125,3.45,2023.03,0.0023,111.05,,,,,,,,,,,,,,
1/13/2015,38,2130,2.7,2023.03,0.0023,115.5,,,,,,,,,,,,,,
1/13/2015,38,2135,2.375,2023.03,0.0023,120.05,,,,,,,,,,,,,,
1/13/2015,38,2140,2,2023.03,0.0023,124.65,,,,,,,,,,,,,,
1/13/2015,38,2145,1.7,2023.03,0.0023,129.25,,,,,,,,,,,,,,
1/14/2015,16,1925,95.65,2011.27,0.0015,11.35,,,,,,,,,,,,,,
1/14/2015,16,1930,91.5,2011.27,0.0015,12.1,,,,,,,,,,,,,,
1/14/2015,16,1935,87.4,2011.27,0.0015,12.9,,,,,,,,,,,,,,
1/14/2015,16,1940,83.2,2011.27,0.0015,13.75,,,,,,,,,,,,,,
1/14/2015,16,1945,79.1,2011.27,0.0015,14.7,,,,,,,,,,,,,,
1/14/2015,16,1950,75.1,2011.27,0.0015,15.65,,,,,,,,,,,,,,
1/14/2015,16,1955,71.15,2011.27,0.0015,16.7,,,,,,,,,,,,,,
1/14/2015,16,1960,67.25,2011.27,0.0015,17.75,,,,,,,,,,,,,,
1/14/2015,16,1965,63.4,2011.27,0.0015,18.95,,,,,,,,,,,,,,
1/14/2015,16,1970,59.8,2011.27,0.0015,20.2,,,,,,,,,,,,,,
1/14/2015,16,1975,56.15,2011.27,0.0015,21.55,,,,,,,,,,,,,,
1/14/2015,16,1980,52.35,2011.27,0.0015,23,,,,,,,,,,,,,,
1/14/2015,16,1985,48.9,2011.27,0.0015,24.5,,,,,,,,,,,,,,
1/14/2015,16,1990,45.5,2011.27,0.0015,26.05,,,,,,,,,,,,,,
1/14/2015,16,1995,42.05,2011.27,0.0015,27.75,,,,,,,,,,,,,,
1/14/2015,16,2000,38.95,2011.27,0.0015,29.4,,,,,,,,,,,,,,
1/14/2015,16,2005,35.65,2011.27,0.0015,31.2,,,,,,,,,,,,,,
1/14/2015,16,2010,32.5,2011.27,0.0015,33.1,,,,,,,,,,,,,,
1/14/2015,16,2015,29.7,2011.27,0.0015,35.3,,,,,,,,,,,,,,
1/14/2015,16,2020,26.75,2011.27,0.0015,37.45,,,,,,,,,,,,,,
1/14/2015,16,2025,24.1,2011.27,0.0015,39.75,,,,,,,,,,,,,,
1/14/2015,16,2030,21.55,2011.27,0.0015,42.3,,,,,,,,,,,,,,
1/14/2015,16,2035,19.2,2011.27,0.0015,44.9,,,,,,,,,,,,,,
1/14/2015,16,2040,17,2011.27,0.0015,47.65,,,,,,,,,,,,,,
1/14/2015,16,2045,14.85,2011.27,0.0015,50.6,,,,,,,,,,,,,,
1/14/2015,16,2050,13,2011.27,0.0015,53.6,,,,,,,,,,,,,,
1/14/2015,16,2055,11.2,2011.27,0.0015,57.1,,,,,,,,,,,,,,
1/14/2015,16,2060,9.65,2011.27,0.0015,60.5,,,,,,,,,,,,,,
1/14/2015,16,2065,8.2,2011.27,0.0015,64.05,,,,,,,,,,,,,,
1/14/2015,16,2070,6.95,2011.27,0.0015,67.75,,,,,,,,,,,,,,
1/14/2015,16,2075,5.8,2011.27,0.0015,71.7,,,,,,,,,,,,,,
1/14/2015,16,2080,4.9,2011.27,0.0015,75.7,,,,,,,,,,,,,,
1/14/2015,16,2085,4.05,2011.27,0.0015,79.85,,,,,,,,,,,,,,
1/14/2015,16,2090,3.3,2011.27,0.0015,84.15,,,,,,,,,,,,,,
1/14/2015,16,2095,2.725,2011.27,0.0015,88.55,,,,,,,,,,,,,,
1/14/2015,16,2100,2.225,2011.27,0.0015,92.95,,,,,,,,,,,,,,
1/14/2015,16,2105,1.825,2011.27,0.0015,97.55,,,,,,,,,,,,,,
1/14/2015,37,1930,99.55,2011.27,0.0018,23.7,,,,,,,,,,,,,,
1/14/2015,37,1935,95.6,2011.27,0.0018,25.15,,,,,,,,,,,,,,
1/14/2015,37,1940,91.8,2011.27,0.0018,25.95,,,,,,,,,,,,,,
1/14/2015,37,1945,88.05,2011.27,0.0018,27.4,,,,,,,,,,,,,,
1/14/2015,37,1950,84.15,2011.27,0.0018,28.25,,,,,,,,,,,,,,
1/14/2015,37,1955,80.35,2011.27,0.0018,29.8,,,,,,,,,,,,,,
1/14/2015,37,1960,76.55,2011.27,0.0018,31.05,,,,,,,,,,,,,,
1/14/2015,37,1965,72.85,2011.27,0.0018,32.2,,,,,,,,,,,,,,
1/14/2015,37,1970,69.2,2011.27,0.0018,33.75,,,,,,,,,,,,,,
1/14/2015,37,1975,65.75,2011.27,0.0018,35.2,,,,,,,,,,,,,,
1/14/2015,37,1980,62.3,2011.27,0.0018,36.35,,,,,,,,,,,,,,
1/14/2015,37,1985,58.55,2011.27,0.0018,38.15,,,,,,,,,,,,,,
1/14/2015,37,1990,55.4,2011.27,0.0018,39.85,,,,,,,,,,,,,,
1/14/2015,37,1995,52.2,2011.27,0.0018,41.2,,,,,,,,,,,,,,
1/14/2015,37,2000,48.75,2011.27,0.0018,43.05,,,,,,,,,,,,,,
1/14/2015,37,2005,45.75,2011.27,0.0018,45.3,,,,,,,,,,,,,,
1/14/2015,37,2010,42.7,2011.27,0.0018,47.1,,,,,,,,,,,,,,
1/14/2015,37,2015,39.75,2011.27,0.0018,48.85,,,,,,,,,,,,,,
1/14/2015,37,2020,37.1,2011.27,0.0018,51.2,,,,,,,,,,,,,,
1/14/2015,37,2025,34.6,2011.27,0.0018,53.75,,,,,,,,,,,,,,
1/14/2015,37,2030,31.4,2011.27,0.0018,55.95,,,,,,,,,,,,,,
1/14/2015,37,2035,28.75,2011.27,0.0018,58.4,,,,,,,,,,,,,,
1/14/2015,37,2040,26.3,2011.27,0.0018,60.8,,,,,,,,,,,,,,
1/14/2015,37,2045,24.3,2011.27,0.0018,63.45,,,,,,,,,,,,,,
1/14/2015,37,2050,22,2011.27,0.0018,66.2,,,,,,,,,,,,,,
1/14/2015,37,2055,19.85,2011.27,0.0018,69.2,,,,,,,,,,,,,,
1/14/2015,37,2060,17.85,2011.27,0.0018,72.1,,,,,,,,,,,,,,
1/14/2015,37,2065,16,2011.27,0.0018,75.3,,,,,,,,,,,,,,
1/14/2015,37,2070,14.25,2011.27,0.0018,78.65,,,,,,,,,,,,,,
1/14/2015,37,2075,12.55,2011.27,0.0018,81.8,,,,,,,,,,,,,,
1/14/2015,37,2080,11.05,2011.27,0.0018,85.3,,,,,,,,,,,,,,
1/14/2015,37,2085,9.7,2011.27,0.0018,88.95,,,,,,,,,,,,,,
1/14/2015,37,2090,8.45,2011.27,0.0018,92.6,,,,,,,,,,,,,,
1/14/2015,37,2095,7.25,2011.27,0.0018,97,,,,,,,,,,,,,,
1/14/2015,37,2100,6.25,2011.27,0.0018,100.5,,,,,,,,,,,,,,
1/14/2015,37,2105,5.45,2011.27,0.0018,104.55,,,,,,,,,,,,,,
1/14/2015,37,2110,4.7,2011.27,0.0018,108.75,,,,,,,,,,,,,,
1/14/2015,37,2115,3.95,2011.27,0.0018,113.15,,,,,,,,,,,,,,
1/14/2015,37,2120,3.5,2011.27,0.0018,117.55,,,,,,,,,,,,,,
1/14/2015,37,2125,2.9,2011.27,0.0018,121.9,,,,,,,,,,,,,,
1/14/2015,37,2130,2.65,2011.27,0.0018,126.85,,,,,,,,,,,,,,
1/14/2015,37,2135,2.075,2011.27,0.0018,131.35,,,,,,,,,,,,,,
1/14/2015,37,2140,1.6,2011.27,0.0018,136.3,,,,,,,,,,,,,,
1/15/2015,15,1905,99.7,1992.67,0.0015,11.8,55.75,,,,,,,,,,,,,
1/15/2015,15,1910,95.5,1992.67,0.0015,12.6,54.05,,,,,,,,,,,,,
1/15/2015,15,1915,91.3,1992.67,0.0015,13.4,52.35,,,,,,,,,,,,,
1/15/2015,15,1920,87.15,1992.67,0.0015,14.35,50.75,,,,,,,,,,,,,
1/15/2015,15,1925,83.05,1992.67,0.0015,15.3,49.175,,,,,,,,,,,,,
1/15/2015,15,1930,79.15,1992.67,0.0015,16.35,47.75,,,,,,,,,,,,,
1/15/2015,15,1935,75.15,1992.67,0.0015,17.45,46.3,,,,,,,,,,,,,
1/15/2015,15,1940,71.35,1992.67,0.0015,18.55,44.95,,,,,,,,,,,,,
1/15/2015,15,1945,67.55,1992.67,0.0015,19.75,43.65,,,,,,,,,,,,,
1/15/2015,15,1950,63.8,1992.67,0.0015,21,42.4,,,,,,,,,,,,,
1/15/2015,15,1955,60.15,1992.67,0.0015,22.35,41.25,,,,,,,,,,,,,
1/15/2015,15,1960,56.5,1992.67,0.0015,23.7,40.1,,,,,,,,,,,,,
1/15/2015,15,1965,53,1992.67,0.0015,25.25,39.125,,,,,,,,,,,,,
1/15/2015,15,1970,49.55,1992.67,0.0015,26.75,38.15,,,,,,,,,,,,,
1/15/2015,15,1975,46.1,1992.67,0.0015,28.4,37.25,,,,,,,,,,,,,
1/15/2015,15,1980,42.75,1992.67,0.0015,30.2,36.475,,,,,,,,,,,,,
1/15/2015,15,1985,39.6,1992.67,0.0015,32.05,35.825,,,,,,,,,,,,,
1/15/2015,15,1990,36.55,1992.67,0.0015,34.1,35.325,,,,,,,,,,,,,
1/15/2015,15,1995,33.7,1992.67,0.0015,36.05,34.875,,,,,,,,,,,,,
1/15/2015,15,2000,30.8,1992.67,0.0015,38.2,34.5,,,,,,,,,,,,,
1/15/2015,15,2005,28,1992.67,0.0015,40.5,34.25,,,,,,,,,,,,,
1/15/2015,15,2010,25.6,1992.67,0.0015,42.9,34.25,,,,,,,,,,,,,
1/15/2015,15,2015,23.1,1992.67,0.0015,45.35,34.225,,,,,,,,,,,,,
1/15/2015,15,2020,20.75,1992.67,0.0015,48,34.375,,,,,,,,,,,,,
1/15/2015,15,2025,18.45,1992.67,0.0015,50.8,34.625,,,,,,,,,,,,,
1/15/2015,15,2030,16.4,1992.67,0.0015,53.8,35.1,,,,,,,,,,,,,
1/15/2015,15,2035,14.45,1992.67,0.0015,56.75,35.6,,,,,,,,,,,,,
1/15/2015,15,2040,12.65,1992.67,0.0015,59.9,36.275,,,,,,,,,,,,,
1/15/2015,15,2045,11,1992.67,0.0015,63.4,37.2,,,,,,,,,,,,,
1/15/2015,15,2050,9.45,1992.67,0.0015,66.7,38.075,,,,,,,,,,,,,
1/15/2015,15,2055,8.1,1992.67,0.0015,70.25,39.175,,,,,,,,,,,,,
1/15/2015,15,2060,6.9,1992.67,0.0015,74,40.45,,,,,,,,,,,,,
1/15/2015,15,2065,5.85,1992.67,0.0015,78.2,42.025,,,,,,,,,,,,,
1/15/2015,15,2070,4.9,1992.67,0.0015,82.35,43.625,,,,,,,,,,,,,
1/15/2015,15,2075,4.1,1992.67,0.0015,85.9,45,,,,,,,,,,,,,
1/15/2015,15,2080,3.4,1992.67,0.0015,90.2,46.8,,,,,,,,,,,,,
1/15/2015,15,2085,2.775,1992.67,0.0015,95,48.8875,,,,,,,,,,,,,
1/15/2015,15,2090,2.25,1992.67,0.0015,99.45,50.85,,,,,,,,,,,,,
1/15/2015,15,2095,1.825,1992.67,0.0015,103.6,52.7125,,,,,,,,,,,,,
1/15/2015,36,1915,99.4,1992.67,0.0018,25.35,,,,,,,,,,,,,,
1/15/2015,36,1920,95.5,1992.67,0.0018,26.45,,,,,,,,,,,,,,
1/15/2015,36,1925,91.6,1992.67,0.0018,27.35,,,,,,,,,,,,,,
1/15/2015,36,1930,87.7,1992.67,0.0018,28.7,,,,,,,,,,,,,,
1/15/2015,36,1935,84.1,1992.67,0.0018,30,,,,,,,,,,,,,,
1/15/2015,36,1940,80.4,1992.67,0.0018,31.3,,,,,,,,,,,,,,
1/15/2015,36,1945,76.35,1992.67,0.0018,32.55,,,,,,,,,,,,,,
1/15/2015,36,1950,72.85,1992.67,0.0018,33.9,,,,,,,,,,,,,,
1/15/2015,36,1955,69.5,1992.67,0.0018,35.55,,,,,,,,,,,,,,
1/15/2015,36,1960,65.8,1992.67,0.0018,36.9,,,,,,,,,,,,,,
1/15/2015,36,1965,62.55,1992.67,0.0018,38.65,,,,,,,,,,,,,,
1/15/2015,36,1970,59.1,1992.67,0.0018,40.05,,,,,,,,,,,,,,
1/15/2015,36,1975,55.75,1992.67,0.0018,41.8,,,,,,,,,,,,,,
1/15/2015,36,1980,52.6,1992.67,0.0018,43.65,,,,,,,,,,,,,,
1/15/2015,36,1985,49.4,1992.67,0.0018,45.4,,,,,,,,,,,,,,
1/15/2015,36,1990,46.55,1992.67,0.0018,47.4,,,,,,,,,,,,,,
1/15/2015,36,1995,43.35,1992.67,0.0018,49.4,,,,,,,,,,,,,,
1/15/2015,36,2000,40.45,1992.67,0.0018,51.45,,,,,,,,,,,,,,
1/15/2015,36,2005,37.65,1992.67,0.0018,53.65,,,,,,,,,,,,,,
1/15/2015,36,2010,34.9,1992.67,0.0018,55.95,,,,,,,,,,,,,,
1/15/2015,36,2015,32.15,1992.67,0.0018,58.25,,,,,,,,,,,,,,
1/15/2015,36,2020,29.85,1992.67,0.0018,60.7,,,,,,,,,,,,,,
1/15/2015,36,2025,27.2,1992.67,0.0018,63.35,,,,,,,,,,,,,,
1/15/2015,36,2030,24.95,1992.67,0.0018,65.85,,,,,,,,,,,,,,
1/15/2015,36,2035,22.7,1992.67,0.0018,68.65,,,,,,,,,,,,,,
1/15/2015,36,2040,20.6,1992.67,0.0018,71.55,,,,,,,,,,,,,,
1/15/2015,36,2045,18.5,1992.67,0.0018,74.65,,,,,,,,,,,,,,
1/15/2015,36,2050,16.65,1992.67,0.0018,77.7,,,,,,,,,,,,,,
1/15/2015,36,2055,14.9,1992.67,0.0018,80.85,,,,,,,,,,,,,,
1/15/2015,36,2060,13,1992.67,0.0018,84.25,,,,,,,,,,,,,,
1/15/2015,36,2065,11.65,1992.67,0.0018,87.7,,,,,,,,,,,,,,
1/15/2015,36,2070,10.25,1992.67,0.0018,91.3,,,,,,,,,,,,,,
1/15/2015,36,2075,9,1992.67,0.0018,95,,,,,,,,,,,,,,
1/15/2015,36,2080,7.8,1992.67,0.0018,98.8,,,,,,,,,,,,,,
1/15/2015,36,2085,6.7,1992.67,0.0018,102.8,,,,,,,,,,,,,,
1/15/2015,36,2090,5.75,1992.67,0.0018,106.8,,,,,,,,,,,,,,
1/15/2015,36,2095,4.9,1992.67,0.0018,111,,,,,,,,,,,,,,
1/15/2015,36,2100,4.25,1992.67,0.0018,115.25,,,,,,,,,,,,,,
1/15/2015,36,2105,3.55,1992.67,0.0018,119.65,,,,,,,,,,,,,,
1/15/2015,36,2110,3.125,1992.67,0.0018,124.05,,,,,,,,,,,,,,
1/15/2015,36,2115,2.55,1992.67,0.0018,128.5,,,,,,,,,,,,,,
1/15/2015,36,2120,2.1,1992.67,0.0018,133.15,,,,,,,,,,,,,,
1/15/2015,36,2125,1.575,1992.67,0.0018,137.8,,,,,,,,,,,,,,
1/16/2015,14,1930,99.1,2019.42,0.0015,9.15,,,,,,,,,,,,,,
1/16/2015,14,1935,94.7,2019.42,0.0015,9.85,,,,,,,,,,,,,,
1/16/2015,14,1940,90.45,2019.42,0.0015,10.55,,,,,,,,,,,,,,
1/16/2015,14,1945,86.25,2019.42,0.0015,11.35,,,,,,,,,,,,,,
1/16/2015,14,1950,82.05,2019.42,0.0015,12.15,,,,,,,,,,,,,,
1/16/2015,14,1955,77.95,2019.42,0.0015,13.1,,,,,,,,,,,,,,
1/16/2015,14,1960,73.75,2019.42,0.0015,14,,,,,,,,,,,,,,
1/16/2015,14,1965,69.9,2019.42,0.0015,15,,,,,,,,,,,,,,
1/16/2015,14,1970,65.9,2019.42,0.0015,16.1,,,,,,,,,,,,,,
1/16/2015,14,1975,62.1,2019.42,0.0015,17.25,,,,,,,,,,,,,,
1/16/2015,14,1980,58.3,2019.42,0.0015,18.45,,,,,,,,,,,,,,
1/16/2015,14,1985,54.55,2019.42,0.0015,19.7,,,,,,,,,,,,,,
1/16/2015,14,1990,51,2019.42,0.0015,21.1,,,,,,,,,,,,,,
1/16/2015,14,1995,47.4,2019.42,0.0015,22.6,,,,,,,,,,,,,,
1/16/2015,14,2000,43.9,2019.42,0.0015,24.15,,,,,,,,,,,,,,
1/16/2015,14,2005,40.35,2019.42,0.0015,25.8,,,,,,,,,,,,,,
1/16/2015,14,2010,37.15,2019.42,0.0015,27.5,,,,,,,,,,,,,,
1/16/2015,14,2015,34,2019.42,0.0015,29.35,,,,,,,,,,,,,,
1/16/2015,14,2020,31.05,2019.42,0.0015,31.3,,,,,,,,,,,,,,
1/16/2015,14,2025,28.15,2019.42,0.0015,33.4,,,,,,,,,,,,,,
1/16/2015,14,2030,25.35,2019.42,0.0015,35.65,,,,,,,,,,,,,,
1/16/2015,14,2035,22.75,2019.42,0.0015,37.95,,,,,,,,,,,,,,
1/16/2015,14,2040,20.3,2019.42,0.0015,40.45,,,,,,,,,,,,,,
1/16/2015,14,2045,18,2019.42,0.0015,43.2,,,,,,,,,,,,,,
1/16/2015,14,2050,15.85,2019.42,0.0015,46,,,,,,,,,,,,,,
1/16/2015,14,2055,13.85,2019.42,0.0015,49,,,,,,,,,,,,,,
1/16/2015,14,2060,11.85,2019.42,0.0015,52.1,,,,,,,,,,,,,,
1/16/2015,14,2065,10.25,2019.42,0.0015,55.45,,,,,,,,,,,,,,
1/16/2015,14,2070,8.75,2019.42,0.0015,58.8,,,,,,,,,,,,,,
1/16/2015,14,2075,7.35,2019.42,0.0015,62.6,,,,,,,,,,,,,,
1/16/2015,14,2080,6.15,2019.42,0.0015,66.35,,,,,,,,,,,,,,
1/16/2015,14,2085,5.1,2019.42,0.0015,70.45,,,,,,,,,,,,,,
1/16/2015,14,2090,4.15,2019.42,0.0015,74.55,,,,,,,,,,,,,,
1/16/2015,14,2095,3.4,2019.42,0.0015,78.7,,,,,,,,,,,,,,
1/16/2015,14,2100,2.725,2019.42,0.0015,82.95,,,,,,,,,,,,,,
1/16/2015,14,2105,2.2,2019.42,0.0015,87.4,,,,,,,,,,,,,,
1/16/2015,14,2110,1.775,2019.42,0.0015,92,,,,,,,,,,,,,,
1/16/2015,35,1940,97.45,2019.42,0.0018,21.35,,,,,,,,,,,,,,
1/16/2015,35,1945,93.45,2019.42,0.0018,22.35,,,,,,,,,,,,,,
1/16/2015,35,1950,89.45,2019.42,0.0018,23.4,,,,,,,,,,,,,,
1/16/2015,35,1955,85.6,2019.42,0.0018,24.45,,,,,,,,,,,,,,
1/16/2015,35,1960,81.75,2019.42,0.0018,25.65,,,,,,,,,,,,,,
1/16/2015,35,1965,77.95,2019.42,0.0018,26.85,,,,,,,,,,,,,,
1/16/2015,35,1970,74.15,2019.42,0.0018,28.05,,,,,,,,,,,,,,
1/16/2015,35,1975,70.45,2019.42,0.0018,29.05,,,,,,,,,,,,,,
1/16/2015,35,1980,66.85,2019.42,0.0018,30.7,,,,,,,,,,,,,,
1/16/2015,35,1985,63.2,2019.42,0.0018,32.1,,,,,,,,,,,,,,
1/16/2015,35,1990,59.7,2019.42,0.0018,33.65,,,,,,,,,,,,,,
1/16/2015,35,1995,56.2,2019.42,0.0018,35.2,,,,,,,,,,,,,,
1/16/2015,35,2000,52.95,2019.42,0.0018,37,,,,,,,,,,,,,,
1/16/2015,35,2005,49.65,2019.42,0.0018,38.55,,,,,,,,,,,,,,
1/16/2015,35,2010,46.45,2019.42,0.0018,40.35,,,,,,,,,,,,,,
1/16/2015,35,2015,43.25,2019.42,0.0018,42.2,,,,,,,,,,,,,,
1/16/2015,35,2020,40.3,2019.42,0.0018,44.2,,,,,,,,,,,,,,
1/16/2015,35,2025,37.35,2019.42,0.0018,46.15,,,,,,,,,,,,,,
1/16/2015,35,2030,34.5,2019.42,0.0018,48.3,,,,,,,,,,,,,,
1/16/2015,35,2035,31.8,2019.42,0.0018,50.8,,,,,,,,,,,,,,
1/16/2015,35,2040,29.15,2019.42,0.0018,53.05,,,,,,,,,,,,,,
1/16/2015,35,2045,26.65,2019.42,0.0018,55.5,,,,,,,,,,,,,,
1/16/2015,35,2050,24.3,2019.42,0.0018,58.15,,,,,,,,,,,,,,
1/16/2015,35,2055,22,2019.42,0.0018,60.9,,,,,,,,,,,,,,
1/16/2015,35,2060,19.8,2019.42,0.0018,63.7,,,,,,,,,,,,,,
1/16/2015,35,2065,17.8,2019.42,0.0018,66.75,,,,,,,,,,,,,,
1/16/2015,35,2070,15.65,2019.42,0.0018,69.8,,,,,,,,,,,,,,
1/16/2015,35,2075,14.15,2019.42,0.0018,73,,,,,,,,,,,,,,
1/16/2015,35,2080,12.45,2019.42,0.0018,76.35,,,,,,,,,,,,,,
1/16/2015,35,2085,10.9,2019.42,0.0018,79.8,,,,,,,,,,,,,,
1/16/2015,35,2090,9.55,2019.42,0.0018,83.4,,,,,,,,,,,,,,
1/16/2015,35,2095,8.25,2019.42,0.0018,87.15,,,,,,,,,,,,,,
1/16/2015,35,2100,7.15,2019.42,0.0018,91.05,,,,,,,,,,,,,,
1/16/2015,35,2105,6.1,2019.42,0.0018,95.05,,,,,,,,,,,,,,
1/16/2015,35,2110,5.25,2019.42,0.0018,99.05,,,,,,,,,,,,,,
1/16/2015,35,2115,4.45,2019.42,0.0018,103.25,,,,,,,,,,,,,,
1/16/2015,35,2120,3.75,2019.42,0.0018,107.65,,,,,,,,,,,,,,
1/16/2015,35,2125,3.225,2019.42,0.0018,112,,,,,,,,,,,,,,
1/16/2015,35,2130,2.55,2019.42,0.0018,116.5,,,,,,,,,,,,,,
1/16/2015,35,2135,2.275,2019.42,0.0018,121.05,,,,,,,,,,,,,,
1/16/2015,35,2140,1.925,2019.42,0.0018,125.7,,,,,,,,,,,,,,
1/16/2015,35,2145,1.625,2019.42,0.0018,130.4,,,,,,,,,,,,,,
1/20/2015,17,1935,96.9,2022.55,0.0015,11.7,,,,,,,,,,,,,,
1/20/2015,17,1940,92.75,2022.55,0.0015,12.5,,,,,,,,,,,,,,
1/20/2015,17,1945,88.6,2022.55,0.0015,13.35,,,,,,,,,,,,,,
1/20/2015,17,1950,84.5,2022.55,0.0015,14.2,,,,,,,,,,,,,,
1/20/2015,17,1955,80.4,2022.55,0.0015,15.2,,,,,,,,,,,,,,
1/20/2015,17,1960,76.25,2022.55,0.0015,16.2,,,,,,,,,,,,,,
1/20/2015,17,1965,72.6,2022.55,0.0015,17.2,,,,,,,,,,,,,,
1/20/2015,17,1970,68.6,2022.55,0.0015,18.35,,,,,,,,,,,,,,
1/20/2015,17,1975,64.8,2022.55,0.0015,19.55,,,,,,,,,,,,,,
1/20/2015,17,1980,61.1,2022.55,0.0015,20.85,,,,,,,,,,,,,,
1/20/2015,17,1985,57.25,2022.55,0.0015,22.2,,,,,,,,,,,,,,
1/20/2015,17,1990,53.75,2022.55,0.0015,23.6,,,,,,,,,,,,,,
1/20/2015,17,1995,50.15,2022.55,0.0015,25.1,,,,,,,,,,,,,,
1/20/2015,17,2000,46.65,2022.55,0.0015,26.7,,,,,,,,,,,,,,
1/20/2015,17,2005,43.25,2022.55,0.0015,28.35,,,,,,,,,,,,,,
1/20/2015,17,2010,40,2022.55,0.0015,30.05,,,,,,,,,,,,,,
1/20/2015,17,2015,36.9,2022.55,0.0015,31.95,,,,,,,,,,,,,,
1/20/2015,17,2020,33.9,2022.55,0.0015,33.85,,,,,,,,,,,,,,
1/20/2015,17,2025,31,2022.55,0.0015,36.05,,,,,,,,,,,,,,
1/20/2015,17,2030,28.1,2022.55,0.0015,38.2,,,,,,,,,,,,,,
1/20/2015,17,2035,25.5,2022.55,0.0015,40.45,,,,,,,,,,,,,,
1/20/2015,17,2040,22.8,2022.55,0.0015,42.95,,,,,,,,,,,,,,
1/20/2015,17,2045,20.35,2022.55,0.0015,45.55,,,,,,,,,,,,,,
1/20/2015,17,2050,18.1,2022.55,0.0015,48.25,,,,,,,,,,,,,,
1/20/2015,17,2055,16,2022.55,0.0015,51.05,,,,,,,,,,,,,,
1/20/2015,17,2060,14.05,2022.55,0.0015,54.1,,,,,,,,,,,,,,
1/20/2015,17,2065,12.15,2022.55,0.0015,57.3,,,,,,,,,,,,,,
1/20/2015,17,2070,10.5,2022.55,0.0015,60.65,,,,,,,,,,,,,,
1/20/2015,17,2075,9,2022.55,0.0015,64.15,,,,,,,,,,,,,,
1/20/2015,17,2080,7.65,2022.55,0.0015,67.7,,,,,,,,,,,,,,
1/20/2015,17,2085,6.4,2022.55,0.0015,71.55,,,,,,,,,,,,,,
1/20/2015,17,2090,5.3,2022.55,0.0015,75.5,,,,,,,,,,,,,,
1/20/2015,17,2095,4.4,2022.55,0.0015,79.6,,,,,,,,,,,,,,
1/20/2015,17,2100,3.6,2022.55,0.0015,83.8,,,,,,,,,,,,,,
1/20/2015,17,2105,2.975,2022.55,0.0015,88.1,,,,,,,,,,,,,,
1/20/2015,17,2110,2.4,2022.55,0.0015,92.6,,,,,,,,,,,,,,
1/20/2015,17,2115,1.95,2022.55,0.0015,96.95,,,,,,,,,,,,,,
1/20/2015,17,2120,1.575,2022.55,0.0015,101.65,,,,,,,,,,,,,,
1/20/2015,38,1945,96.3,2022.55,0.0018,24,,,,,,,,,,,,,,
1/20/2015,38,1950,92.35,2022.55,0.0018,25,,,,,,,,,,,,,,
1/20/2015,38,1955,88.45,2022.55,0.0018,26.1,,,,,,,,,,,,,,
1/20/2015,38,1960,84.65,2022.55,0.0018,27.3,,,,,,,,,,,,,,
1/20/2015,38,1965,80.85,2022.55,0.0018,28.45,,,,,,,,,,,,,,
1/20/2015,38,1970,77.1,2022.55,0.0018,29.7,,,,,,,,,,,,,,
1/20/2015,38,1975,73.4,2022.55,0.0018,31.05,,,,,,,,,,,,,,
1/20/2015,38,1980,69.75,2022.55,0.0018,32.4,,,,,,,,,,,,,,
1/20/2015,38,1985,66.2,2022.55,0.0018,33.9,,,,,,,,,,,,,,
1/20/2015,38,1990,62.7,2022.55,0.0018,35.35,,,,,,,,,,,,,,
1/20/2015,38,1995,59.2,2022.55,0.0018,36.9,,,,,,,,,,,,,,
1/20/2015,38,2000,55.85,2022.55,0.0018,38.5,,,,,,,,,,,,,,
1/20/2015,38,2005,52.55,2022.55,0.0018,40.25,,,,,,,,,,,,,,
1/20/2015,38,2010,49.25,2022.55,0.0018,42,,,,,,,,,,,,,,
1/20/2015,38,2015,45.95,2022.55,0.0018,43.85,,,,,,,,,,,,,,
1/20/2015,38,2020,42.95,2022.55,0.0018,45.5,,,,,,,,,,,,,,
1/20/2015,38,2025,39.9,2022.55,0.0018,47.95,,,,,,,,,,,,,,
1/20/2015,38,2030,37,2022.55,0.0018,50,,,,,,,,,,,,,,
1/20/2015,38,2035,34.25,2022.55,0.0018,52.25,,,,,,,,,,,,,,
1/20/2015,38,2040,31.55,2022.55,0.0018,54.6,,,,,,,,,,,,,,
1/20/2015,38,2045,29,2022.55,0.0018,57,,,,,,,,,,,,,,
1/20/2015,38,2050,26.5,2022.55,0.0018,59.35,,,,,,,,,,,,,,
1/20/2015,38,2055,24.2,2022.55,0.0018,62,,,,,,,,,,,,,,
1/20/2015,38,2060,21.9,2022.55,0.0018,64.85,,,,,,,,,,,,,,
1/20/2015,38,2065,19.8,2022.55,0.0018,67.7,,,,,,,,,,,,,,
1/20/2015,38,2070,17.85,2022.55,0.0018,70.75,,,,,,,,,,,,,,
1/20/2015,38,2075,16,2022.55,0.0018,73.9,,,,,,,,,,,,,,
1/20/2015,38,2080,14.25,2022.55,0.0018,77.1,,,,,,,,,,,,,,
1/20/2015,38,2085,12.6,2022.55,0.0018,80.5,,,,,,,,,,,,,,
1/20/2015,38,2090,11.1,2022.55,0.0018,84.05,,,,,,,,,,,,,,
1/20/2015,38,2095,9.7,2022.55,0.0018,87.35,,,,,,,,,,,,,,
1/20/2015,38,2100,8.45,2022.55,0.0018,91.4,,,,,,,,,,,,,,
1/20/2015,38,2105,7.35,2022.55,0.0018,95.05,,,,,,,,,,,,,,
1/20/2015,38,2110,6.35,2022.55,0.0018,99.2,,,,,,,,,,,,,,
1/20/2015,38,2115,5.4,2022.55,0.0018,103.15,,,,,,,,,,,,,,
1/20/2015,38,2120,4.6,2022.55,0.0018,107.35,,,,,,,,,,,,,,
1/20/2015,38,2125,3.9,2022.55,0.0018,111.85,,,,,,,,,,,,,,
1/20/2015,38,2130,3.3,2022.55,0.0018,116.05,,,,,,,,,,,,,,
1/20/2015,38,2135,2.825,2022.55,0.0018,120.55,,,,,,,,,,,,,,
1/20/2015,38,2140,2.375,2022.55,0.0018,125.25,,,,,,,,,,,,,,
1/20/2015,38,2145,2,2022.55,0.0018,129.85,,,,,,,,,,,,,,
1/20/2015,38,2150,1.675,2022.55,0.0018,134.65,,,,,,,,,,,,,,
1/21/2015,16,1945,95.75,2032.12,0.0015,9.1,,,,,,,,,,,,,,
1/21/2015,16,1950,91.45,2032.12,0.0015,9.85,,,,,,,,,,,,,,
1/21/2015,16,1955,87.15,2032.12,0.0015,10.6,,,,,,,,,,,,,,
1/21/2015,16,1960,82.9,2032.12,0.0015,11.35,,,,,,,,,,,,,,
1/21/2015,16,1965,78.7,2032.12,0.0015,12.15,,,,,,,,,,,,,,
1/21/2015,16,1970,74.6,2032.12,0.0015,13.05,,,,,,,,,,,,,,
1/21/2015,16,1975,70.6,2032.12,0.0015,14,,,,,,,,,,,,,,
1/21/2015,16,1980,66.6,2032.12,0.0015,15,,,,,,,,,,,,,,
1/21/2015,16,1985,62.75,2032.12,0.0015,16.05,,,,,,,,,,,,,,
1/21/2015,16,1990,58.9,2032.12,0.0015,17.25,,,,,,,,,,,,,,
1/21/2015,16,1995,55.15,2032.12,0.0015,18.45,,,,,,,,,,,,,,
1/21/2015,16,2000,51.4,2032.12,0.0015,19.75,,,,,,,,,,,,,,
1/21/2015,16,2005,47.85,2032.12,0.0015,21.15,,,,,,,,,,,,,,
1/21/2015,16,2010,44.4,2032.12,0.0015,22.65,,,,,,,,,,,,,,
1/21/2015,16,2015,40.75,2032.12,0.0015,24.2,,,,,,,,,,,,,,
1/21/2015,16,2020,37.5,2032.12,0.0015,25.85,,,,,,,,,,,,,,
1/21/2015,16,2025,34.25,2032.12,0.0015,27.6,,,,,,,,,,,,,,
1/21/2015,16,2030,31,2032.12,0.0015,29.45,,,,,,,,,,,,,,
1/21/2015,16,2035,28,2032.12,0.0015,31.65,,,,,,,,,,,,,,
1/21/2015,16,2040,25.1,2032.12,0.0015,33.85,,,,,,,,,,,,,,
1/21/2015,16,2045,22.3,2032.12,0.0015,36.1,,,,,,,,,,,,,,
1/21/2015,16,2050,19.7,2032.12,0.0015,38.55,,,,,,,,,,,,,,
1/21/2015,16,2055,17.25,2032.12,0.0015,41,,,,,,,,,,,,,,
1/21/2015,16,2060,15.05,2032.12,0.0015,43.9,,,,,,,,,,,,,,
1/21/2015,16,2065,12.95,2032.12,0.0015,46.75,,,,,,,,,,,,,,
1/21/2015,16,2070,11,2032.12,0.0015,49.85,,,,,,,,,,,,,,
1/21/2015,16,2075,9.25,2032.12,0.0015,52.95,,,,,,,,,,,,,,
1/21/2015,16,2080,7.75,2032.12,0.0015,56.5,,,,,,,,,,,,,,
1/21/2015,16,2085,6.35,2032.12,0.0015,60.05,,,,,,,,,,,,,,
1/21/2015,16,2090,5.2,2032.12,0.0015,63.65,,,,,,,,,,,,,,
1/21/2015,16,2095,4.15,2032.12,0.0015,67.8,,,,,,,,,,,,,,
1/21/2015,16,2100,3.3,2032.12,0.0015,71.95,,,,,,,,,,,,,,
1/21/2015,16,2105,2.6,2032.12,0.0015,76.05,,,,,,,,,,,,,,
1/21/2015,16,2110,2.025,2032.12,0.0015,80.5,,,,,,,,,,,,,,
1/21/2015,16,2115,1.575,2032.12,0.0015,84.9,,,,,,,,,,,,,,
1/21/2015,37,1950,98.5,2032.12,0.0018,19.8,,,,,,,,,,,,,,
1/21/2015,37,1955,94.35,2032.12,0.0018,20.75,,,,,,,,,,,,,,
1/21/2015,37,1960,90.35,2032.12,0.0018,21.75,,,,,,,,,,,,,,
1/21/2015,37,1965,86.45,2032.12,0.0018,22.8,,,,,,,,,,,,,,
1/21/2015,37,1970,82.5,2032.12,0.0018,23.85,,,,,,,,,,,,,,
1/21/2015,37,1975,78.6,2032.12,0.0018,25.1,,,,,,,,,,,,,,
1/21/2015,37,1980,74.8,2032.12,0.0018,26.25,,,,,,,,,,,,,,
1/21/2015,37,1985,71.1,2032.12,0.0018,27.4,,,,,,,,,,,,,,
1/21/2015,37,1990,67.35,2032.12,0.0018,28.7,,,,,,,,,,,,,,
1/21/2015,37,1995,63.75,2032.12,0.0018,30.15,,,,,,,,,,,,,,
1/21/2015,37,2000,60.15,2032.12,0.0018,31.6,,,,,,,,,,,,,,
1/21/2015,37,2005,56.65,2032.12,0.0018,33.05,,,,,,,,,,,,,,
1/21/2015,37,2010,53.4,2032.12,0.0018,34.65,,,,,,,,,,,,,,
1/21/2015,37,2015,49.85,2032.12,0.0018,36.35,,,,,,,,,,,,,,
1/21/2015,37,2020,46.75,2032.12,0.0018,38.1,,,,,,,,,,,,,,
1/21/2015,37,2025,43.4,2032.12,0.0018,39.9,,,,,,,,,,,,,,
1/21/2015,37,2030,40.15,2032.12,0.0018,41.65,,,,,,,,,,,,,,
1/21/2015,37,2035,37.15,2032.12,0.0018,43.75,,,,,,,,,,,,,,
1/21/2015,37,2040,34.4,2032.12,0.0018,45.8,,,,,,,,,,,,,,
1/21/2015,37,2045,31.6,2032.12,0.0018,48,,,,,,,,,,,,,,
1/21/2015,37,2050,28.85,2032.12,0.0018,50.3,,,,,,,,,,,,,,
1/21/2015,37,2055,26.6,2032.12,0.0018,52.7,,,,,,,,,,,,,,
1/21/2015,37,2060,23.9,2032.12,0.0018,55.15,,,,,,,,,,,,,,
1/21/2015,37,2065,21.55,2032.12,0.0018,57.85,,,,,,,,,,,,,,
1/21/2015,37,2070,19.4,2032.12,0.0018,60.65,,,,,,,,,,,,,,
1/21/2015,37,2075,17.3,2032.12,0.0018,63.5,,,,,,,,,,,,,,
1/21/2015,37,2080,15.4,2032.12,0.0018,66.6,,,,,,,,,,,,,,
1/21/2015,37,2085,13.6,2032.12,0.0018,69.75,,,,,,,,,,,,,,
1/21/2015,37,2090,11.95,2032.12,0.0018,73.2,,,,,,,,,,,,,,
1/21/2015,37,2095,10.35,2032.12,0.0018,76.55,,,,,,,,,,,,,,
1/21/2015,37,2100,9,2032.12,0.0018,80.25,,,,,,,,,,,,,,
1/21/2015,37,2105,7.7,2032.12,0.0018,83.9,,,,,,,,,,,,,,
1/21/2015,37,2110,6.6,2032.12,0.0018,87.75,,,,,,,,,,,,,,
1/21/2015,37,2115,5.55,2032.12,0.0018,91.85,,,,,,,,,,,,,,
1/21/2015,37,2120,4.7,2032.12,0.0018,95.9,,,,,,,,,,,,,,
1/21/2015,37,2125,3.95,2032.12,0.0018,100.15,,,,,,,,,,,,,,
1/21/2015,37,2130,3.3,2032.12,0.0018,104.6,,,,,,,,,,,,,,
1/21/2015,37,2135,2.8,2032.12,0.0018,108.95,,,,,,,,,,,,,,
1/21/2015,37,2140,2.35,2032.12,0.0018,113.5,,,,,,,,,,,,,,
1/21/2015,37,2145,1.95,2032.12,0.0018,118.15,,,,,,,,,,,,,,
1/21/2015,37,2150,1.625,2032.12,0.0018,123.05,,,,,,,,,,,,,,
1/22/2015,15,1970,95.85,2063.15,0.0015,5,50.425,,,,,,,,,,,,,
1/22/2015,15,1975,91.3,2063.15,0.0015,5.4,48.35,,,,,,,,,,,,,
1/22/2015,15,1980,86.8,2063.15,0.0015,5.9,46.35,,,,,,,,,,,,,
1/22/2015,15,1985,82.4,2063.15,0.0015,6.4,44.4,,,,,,,,,,,,,
1/22/2015,15,1990,77.95,2063.15,0.0015,6.85,42.4,,,,,,,,,,,,,
1/22/2015,15,1995,73.6,2063.15,0.0015,7.55,40.575,,,,,,,,,,,,,
1/22/2015,15,2000,69.3,2063.15,0.0015,8.2,38.75,,,,,,,,,,,,,
1/22/2015,15,2005,65.05,2063.15,0.0015,9,37.025,,,,,,,,,,,,,
1/22/2015,15,2010,60.8,2063.15,0.0015,9.8,35.3,,,,,,,,,,,,,
1/22/2015,15,2015,56.7,2063.15,0.0015,10.65,33.675,,,,,,,,,,,,,
1/22/2015,15,2020,52.75,2063.15,0.0015,11.65,32.2,,,,,,,,,,,,,
1/22/2015,15,2025,48.7,2063.15,0.0015,12.7,30.7,,,,,,,,,,,,,
1/22/2015,15,2030,44.8,2063.15,0.0015,13.8,29.3,,,,,,,,,,,,,
1/22/2015,15,2035,41.1,2063.15,0.0015,15.05,28.075,,,,,,,,,,,,,
1/22/2015,15,2040,37.35,2063.15,0.0015,16.45,26.9,,,,,,,,,,,,,
1/22/2015,15,2045,33.85,2063.15,0.0015,17.9,25.875,,,,,,,,,,,,,
1/22/2015,15,2050,30.65,2063.15,0.0015,19.45,25.05,,,,,,,,,,,,,
1/22/2015,15,2055,27.2,2063.15,0.0015,21.2,24.2,,,,,,,,,,,,,
1/22/2015,15,2060,24.3,2063.15,0.0015,23.2,23.75,,,,,,,,,,,,,
1/22/2015,15,2065,21.25,2063.15,0.0015,25.1,23.175,,,,,,,,,,,,,
1/22/2015,15,2070,18.45,2063.15,0.0015,27.5,22.975,,,,,,,,,,,,,
1/22/2015,15,2075,15.85,2063.15,0.0015,29.95,22.9,,,,,,,,,,,,,
1/22/2015,15,2080,13.4,2063.15,0.0015,32.5,22.95,,,,,,,,,,,,,
1/22/2015,15,2085,11.2,2063.15,0.0015,35.3,23.25,,,,,,,,,,,,,
1/22/2015,15,2090,9.15,2063.15,0.0015,38.3,23.725,,,,,,,,,,,,,
1/22/2015,15,2095,7.35,2063.15,0.0015,41.5,24.425,,,,,,,,,,,,,
1/22/2015,15,2100,5.85,2063.15,0.0015,45.05,25.45,,,,,,,,,,,,,
1/22/2015,15,2105,4.5,2063.15,0.0015,48.75,26.625,,,,,,,,,,,,,
1/22/2015,15,2110,3.45,2063.15,0.0015,52.65,28.05,,,,,,,,,,,,,
1/22/2015,15,2115,2.6,2063.15,0.0015,56.7,29.65,,,,,,,,,,,,,
1/22/2015,15,2120,1.925,2063.15,0.0015,61.1,31.5125,,,,,,,,,,,,,
1/22/2015,36,1975,98.05,2063.15,0.0018,14.8,,,,,,,,,,,,,,
1/22/2015,36,1980,93.85,2063.15,0.0018,15.65,,,,,,,,,,,,,,
1/22/2015,36,1985,89.7,2063.15,0.0018,16.5,,,,,,,,,,,,,,
1/22/2015,36,1990,85.65,2063.15,0.0018,17.35,,,,,,,,,,,,,,
1/22/2015,36,1995,81.55,2063.15,0.0018,18.35,,,,,,,,,,,,,,
1/22/2015,36,2000,77.55,2063.15,0.0018,19.3,,,,,,,,,,,,,,
1/22/2015,36,2005,73.6,2063.15,0.0018,20.35,,,,,,,,,,,,,,
1/22/2015,36,2010,69.6,2063.15,0.0018,21.45,,,,,,,,,,,,,,
1/22/2015,36,2015,65.85,2063.15,0.0018,22.65,,,,,,,,,,,,,,
1/22/2015,36,2020,62.1,2063.15,0.0018,23.85,,,,,,,,,,,,,,
1/22/2015,36,2025,58.35,2063.15,0.0018,25.1,,,,,,,,,,,,,,
1/22/2015,36,2030,54.75,2063.15,0.0018,26.5,,,,,,,,,,,,,,
1/22/2015,36,2035,51.1,2063.15,0.0018,27.85,,,,,,,,,,,,,,
1/22/2015,36,2040,47.7,2063.15,0.0018,29.4,,,,,,,,,,,,,,
1/22/2015,36,2045,44.3,2063.15,0.0018,31,,,,,,,,,,,,,,
1/22/2015,36,2050,40.85,2063.15,0.0018,32.7,,,,,,,,,,,,,,
1/22/2015,36,2055,37.8,2063.15,0.0018,34.55,,,,,,,,,,,,,,
1/22/2015,36,2060,34.65,2063.15,0.0018,36.4,,,,,,,,,,,,,,
1/22/2015,36,2065,31.6,2063.15,0.0018,38.55,,,,,,,,,,,,,,
1/22/2015,36,2070,28.8,2063.15,0.0018,40.75,,,,,,,,,,,,,,
1/22/2015,36,2075,26.05,2063.15,0.0018,42.95,,,,,,,,,,,,,,
1/22/2015,36,2080,23.4,2063.15,0.0018,45.25,,,,,,,,,,,,,,
1/22/2015,36,2085,20.95,2063.15,0.0018,47.85,,,,,,,,,,,,,,
1/22/2015,36,2090,18.7,2063.15,0.0018,50.5,,,,,,,,,,,,,,
1/22/2015,36,2095,16.45,2063.15,0.0018,53.3,,,,,,,,,,,,,,
1/22/2015,36,2100,14.45,2063.15,0.0018,56.25,,,,,,,,,,,,,,
1/22/2015,36,2105,12.55,2063.15,0.0018,59.35,,,,,,,,,,,,,,
1/22/2015,36,2110,10.9,2063.15,0.0018,62.75,,,,,,,,,,,,,,
1/22/2015,36,2115,9.3,2063.15,0.0018,66.2,,,,,,,,,,,,,,
1/22/2015,36,2120,8,2063.15,0.0018,69.7,,,,,,,,,,,,,,
1/22/2015,36,2125,6.8,2063.15,0.0018,73.6,,,,,,,,,,,,,,
1/22/2015,36,2130,5.75,2063.15,0.0018,77.4,,,,,,,,,,,,,,
1/22/2015,36,2135,4.85,2063.15,0.0018,81.5,,,,,,,,,,,,,,
1/22/2015,36,2140,4.05,2063.15,0.0018,85.95,,,,,,,,,,,,,,
1/22/2015,36,2145,3.4,2063.15,0.0018,90.2,,,,,,,,,,,,,,
1/22/2015,36,2150,2.825,2063.15,0.0018,94.45,,,,,,,,,,,,,,
1/22/2015,36,2155,2.4,2063.15,0.0018,99.3,,,,,,,,,,,,,,
1/22/2015,36,2160,2,2063.15,0.0018,103.05,,,,,,,,,,,,,,
1/22/2015,36,2165,1.675,2063.15,0.0018,107.65,,,,,,,,,,,,,,
1/23/2015,14,1955,99.05,2051.82,0.0015,4.35,,,,,,,,,,,,,,
1/23/2015,14,1960,94.45,2051.82,0.0015,4.65,,,,,,,,,,,,,,
1/23/2015,14,1965,89.8,2051.82,0.0015,5.15,,,,,,,,,,,,,,
1/23/2015,14,1970,85.25,2051.82,0.0015,5.6,,,,,,,,,,,,,,
1/23/2015,14,1975,80.8,2051.82,0.0015,6.1,,,,,,,,,,,,,,
1/23/2015,14,1980,76.4,2051.82,0.0015,6.7,,,,,,,,,,,,,,
1/23/2015,14,1985,71.95,2051.82,0.0015,7.3,,,,,,,,,,,,,,
1/23/2015,14,1990,67.55,2051.82,0.0015,8,,,,,,,,,,,,,,
1/23/2015,14,1995,63.4,2051.82,0.0015,8.75,,,,,,,,,,,,,,
1/23/2015,14,2000,59.2,2051.82,0.0015,9.6,,,,,,,,,,,,,,
1/23/2015,14,2005,55.05,2051.82,0.0015,10.45,,,,,,,,,,,,,,
1/23/2015,14,2010,51.15,2051.82,0.0015,11.5,,,,,,,,,,,,,,
1/23/2015,14,2015,47.2,2051.82,0.0015,12.55,,,,,,,,,,,,,,
1/23/2015,14,2020,43.4,2051.82,0.0015,13.7,,,,,,,,,,,,,,
1/23/2015,14,2025,39.65,2051.82,0.0015,14.95,,,,,,,,,,,,,,
1/23/2015,14,2030,35.95,2051.82,0.0015,16.3,,,,,,,,,,,,,,
1/23/2015,14,2035,32.5,2051.82,0.0015,17.8,,,,,,,,,,,,,,
1/23/2015,14,2040,29.05,2051.82,0.0015,19.3,,,,,,,,,,,,,,
1/23/2015,14,2045,25.85,2051.82,0.0015,21.2,,,,,,,,,,,,,,
1/23/2015,14,2050,22.65,2051.82,0.0015,22.95,,,,,,,,,,,,,,
1/23/2015,14,2055,19.65,2051.82,0.0015,25.25,,,,,,,,,,,,,,
1/23/2015,14,2060,17.15,2051.82,0.0015,27.45,,,,,,,,,,,,,,
1/23/2015,14,2065,14.5,2051.82,0.0015,30,,,,,,,,,,,,,,
1/23/2015,14,2070,12.25,2051.82,0.0015,32.7,,,,,,,,,,,,,,
1/23/2015,14,2075,10.15,2051.82,0.0015,35.65,,,,,,,,,,,,,,
1/23/2015,14,2080,8.25,2051.82,0.0015,38.8,,,,,,,,,,,,,,
1/23/2015,14,2085,6.55,2051.82,0.0015,42.2,,,,,,,,,,,,,,
1/23/2015,14,2090,5.2,2051.82,0.0015,45.7,,,,,,,,,,,,,,
1/23/2015,14,2095,4.05,2051.82,0.0015,49.95,,,,,,,,,,,,,,
1/23/2015,14,2100,3.1,2051.82,0.0015,53.95,,,,,,,,,,,,,,
1/23/2015,14,2105,2.275,2051.82,0.0015,58.5,,,,,,,,,,,,,,
1/23/2015,14,2110,1.7,2051.82,0.0015,62,,,,,,,,,,,,,,
1/23/2015,35,1965,96.9,2051.82,0.0018,15.05,,,,,,,,,,,,,,
1/23/2015,35,1970,92.75,2051.82,0.0018,15.85,,,,,,,,,,,,,,
1/23/2015,35,1975,88.6,2051.82,0.0018,16.7,,,,,,,,,,,,,,
1/23/2015,35,1980,84.55,2051.82,0.0018,17.6,,,,,,,,,,,,,,
1/23/2015,35,1985,80.45,2051.82,0.0018,18.6,,,,,,,,,,,,,,
1/23/2015,35,1990,76.45,2051.82,0.0018,19.6,,,,,,,,,,,,,,
1/23/2015,35,1995,72.55,2051.82,0.0018,20.65,,,,,,,,,,,,,,
1/23/2015,35,2000,68.7,2051.82,0.0018,21.75,,,,,,,,,,,,,,
1/23/2015,35,2005,64.9,2051.82,0.0018,22.95,,,,,,,,,,,,,,
1/23/2015,35,2010,61.1,2051.82,0.0018,24.25,,,,,,,,,,,,,,
1/23/2015,35,2015,57.45,2051.82,0.0018,25.55,,,,,,,,,,,,,,
1/23/2015,35,2020,53.8,2051.82,0.0018,26.9,,,,,,,,,,,,,,
1/23/2015,35,2025,50.25,2051.82,0.0018,28.35,,,,,,,,,,,,,,
1/23/2015,35,2030,46.8,2051.82,0.0018,30.1,,,,,,,,,,,,,,
1/23/2015,35,2035,43.4,2051.82,0.0018,31.8,,,,,,,,,,,,,,
1/23/2015,35,2040,40.15,2051.82,0.0018,33.55,,,,,,,,,,,,,,
1/23/2015,35,2045,36.95,2051.82,0.0018,35.35,,,,,,,,,,,,,,
1/23/2015,35,2050,33.85,2051.82,0.0018,37.35,,,,,,,,,,,,,,
1/23/2015,35,2055,30.9,2051.82,0.0018,39.4,,,,,,,,,,,,,,
1/23/2015,35,2060,28.1,2051.82,0.0018,41.25,,,,,,,,,,,,,,
1/23/2015,35,2065,25.4,2051.82,0.0018,43.55,,,,,,,,,,,,,,
1/23/2015,35,2070,22.85,2051.82,0.0018,45.95,,,,,,,,,,,,,,
1/23/2015,35,2075,20.4,2051.82,0.0018,48.55,,,,,,,,,,,,,,
1/23/2015,35,2080,18.15,2051.82,0.0018,51.35,,,,,,,,,,,,,,
1/23/2015,35,2085,16,2051.82,0.0018,54.65,,,,,,,,,,,,,,
1/23/2015,35,2090,14.05,2051.82,0.0018,57.2,,,,,,,,,,,,,,
1/23/2015,35,2095,12.25,2051.82,0.0018,60.4,,,,,,,,,,,,,,
1/23/2015,35,2100,10.6,2051.82,0.0018,63.75,,,,,,,,,,,,,,
1/23/2015,35,2105,9.1,2051.82,0.0018,67.25,,,,,,,,,,,,,,
1/23/2015,35,2110,7.8,2051.82,0.0018,71.3,,,,,,,,,,,,,,
1/23/2015,35,2115,6.55,2051.82,0.0018,74.6,,,,,,,,,,,,,,
1/23/2015,35,2120,5.5,2051.82,0.0018,79.45,,,,,,,,,,,,,,
1/23/2015,35,2125,4.65,2051.82,0.0018,83.55,,,,,,,,,,,,,,
1/23/2015,35,2130,3.9,2051.82,0.0018,86.95,,,,,,,,,,,,,,
1/23/2015,35,2135,3.35,2051.82,0.0018,92.15,,,,,,,,,,,,,,
1/23/2015,35,2140,2.9,2051.82,0.0018,96.65,,,,,,,,,,,,,,
1/23/2015,35,2145,2.425,2051.82,0.0018,100.7,,,,,,,,,,,,,,
1/23/2015,35,2150,1.85,2051.82,0.0018,106.3,,,,,,,,,,,,,,
1/23/2015,35,2155,1.55,2051.82,0.0018,110.15,,,,,,,,,,,,,,
1/26/2015,18,1960,99,2057.09,0.0015,5.1,,,,,,,,,,,,,,
1/26/2015,18,1965,94.5,2057.09,0.0015,5.5,,,,,,,,,,,,,,
1/26/2015,18,1970,90.15,2057.09,0.0015,5.95,,,,,,,,,,,,,,
1/26/2015,18,1975,85.45,2057.09,0.0015,6.5,,,,,,,,,,,,,,
1/26/2015,18,1980,81,2057.09,0.0015,7.05,,,,,,,,,,,,,,
1/26/2015,18,1985,76.7,2057.09,0.0015,7.65,,,,,,,,,,,,,,
1/26/2015,18,1990,72.25,2057.09,0.0015,8.3,,,,,,,,,,,,,,
1/26/2015,18,1995,68,2057.09,0.0015,9,,,,,,,,,,,,,,
1/26/2015,18,2000,63.6,2057.09,0.0015,9.8,,,,,,,,,,,,,,
1/26/2015,18,2005,59.6,2057.09,0.0015,10.6,,,,,,,,,,,,,,
1/26/2015,18,2010,55.55,2057.09,0.0015,11.5,,,,,,,,,,,,,,
1/26/2015,18,2015,51.6,2057.09,0.0015,12.5,,,,,,,,,,,,,,
1/26/2015,18,2020,47.7,2057.09,0.0015,13.55,,,,,,,,,,,,,,
1/26/2015,18,2025,43.6,2057.09,0.0015,14.75,,,,,,,,,,,,,,
1/26/2015,18,2030,40.1,2057.09,0.0015,16.05,,,,,,,,,,,,,,
1/26/2015,18,2035,36.45,2057.09,0.0015,17.4,,,,,,,,,,,,,,
1/26/2015,18,2040,33.05,2057.09,0.0015,18.9,,,,,,,,,,,,,,
1/26/2015,18,2045,29.5,2057.09,0.0015,20.75,,,,,,,,,,,,,,
1/26/2015,18,2050,26.4,2057.09,0.0015,22.45,,,,,,,,,,,,,,
1/26/2015,18,2055,23.3,2057.09,0.0015,24.35,,,,,,,,,,,,,,
1/26/2015,18,2060,20.5,2057.09,0.0015,26.65,,,,,,,,,,,,,,
1/26/2015,18,2065,17.75,2057.09,0.0015,28.85,,,,,,,,,,,,,,
1/26/2015,18,2070,15.15,2057.09,0.0015,31.35,,,,,,,,,,,,,,
1/26/2015,18,2075,12.8,2057.09,0.0015,34,,,,,,,,,,,,,,
1/26/2015,18,2080,10.65,2057.09,0.0015,36.85,,,,,,,,,,,,,,
1/26/2015,18,2085,8.75,2057.09,0.0015,40,,,,,,,,,,,,,,
1/26/2015,18,2090,7.15,2057.09,0.0015,43.3,,,,,,,,,,,,,,
1/26/2015,18,2095,5.7,2057.09,0.0015,46.9,,,,,,,,,,,,,,
1/26/2015,18,2100,4.4,2057.09,0.0015,50.65,,,,,,,,,,,,,,
1/26/2015,18,2105,3.35,2057.09,0.0015,54.65,,,,,,,,,,,,,,
1/26/2015,18,2110,2.6,2057.09,0.0015,58.8,,,,,,,,,,,,,,
1/26/2015,18,2115,1.95,2057.09,0.0015,63.2,,,,,,,,,,,,,,
1/26/2015,39,1970,97,2057.09,0.0019,15.65,,,,,,,,,,,,,,
1/26/2015,39,1975,92.85,2057.09,0.0019,16.5,,,,,,,,,,,,,,
1/26/2015,39,1980,88.7,2057.09,0.0019,17.35,,,,,,,,,,,,,,
1/26/2015,39,1985,84.65,2057.09,0.0019,18.25,,,,,,,,,,,,,,
1/26/2015,39,1990,80.6,2057.09,0.0019,19.25,,,,,,,,,,,,,,
1/26/2015,39,1995,76.65,2057.09,0.0019,20.25,,,,,,,,,,,,,,
1/26/2015,39,2000,72.7,2057.09,0.0019,21.3,,,,,,,,,,,,,,
1/26/2015,39,2005,68.85,2057.09,0.0019,22.45,,,,,,,,,,,,,,
1/26/2015,39,2010,65,2057.09,0.0019,23.6,,,,,,,,,,,,,,
1/26/2015,39,2015,61.3,2057.09,0.0019,24.85,,,,,,,,,,,,,,
1/26/2015,39,2020,57.55,2057.09,0.0019,26.15,,,,,,,,,,,,,,
1/26/2015,39,2025,54,2057.09,0.0019,27.55,,,,,,,,,,,,,,
1/26/2015,39,2030,50.45,2057.09,0.0019,29,,,,,,,,,,,,,,
1/26/2015,39,2035,46.95,2057.09,0.0019,30.6,,,,,,,,,,,,,,
1/26/2015,39,2040,43.65,2057.09,0.0019,32.2,,,,,,,,,,,,,,
1/26/2015,39,2045,40.4,2057.09,0.0019,33.95,,,,,,,,,,,,,,
1/26/2015,39,2050,37.2,2057.09,0.0019,35.75,,,,,,,,,,,,,,
1/26/2015,39,2055,34.1,2057.09,0.0019,37.7,,,,,,,,,,,,,,
1/26/2015,39,2060,31.2,2057.09,0.0019,39.75,,,,,,,,,,,,,,
1/26/2015,39,2065,28.35,2057.09,0.0019,41.9,,,,,,,,,,,,,,
1/26/2015,39,2070,25.65,2057.09,0.0019,44.25,,,,,,,,,,,,,,
1/26/2015,39,2075,23.15,2057.09,0.0019,46.7,,,,,,,,,,,,,,
1/26/2015,39,2080,20.75,2057.09,0.0019,49.25,,,,,,,,,,,,,,
1/26/2015,39,2085,18.5,2057.09,0.0019,52,,,,,,,,,,,,,,
1/26/2015,39,2090,16.35,2057.09,0.0019,54.9,,,,,,,,,,,,,,
1/26/2015,39,2095,14.4,2057.09,0.0019,57.9,,,,,,,,,,,,,,
1/26/2015,39,2100,12.55,2057.09,0.0019,61.05,,,,,,,,,,,,,,
1/26/2015,39,2105,10.95,2057.09,0.0019,64.45,,,,,,,,,,,,,,
1/26/2015,39,2110,9.4,2057.09,0.0019,67.95,,,,,,,,,,,,,,
1/26/2015,39,2115,8.1,2057.09,0.0019,71.55,,,,,,,,,,,,,,
1/26/2015,39,2120,6.9,2057.09,0.0019,75.4,,,,,,,,,,,,,,
1/26/2015,39,2125,5.85,2057.09,0.0019,79.35,,,,,,,,,,,,,,
1/26/2015,39,2130,4.95,2057.09,0.0019,83.4,,,,,,,,,,,,,,
1/26/2015,39,2135,4.2,2057.09,0.0019,87.65,,,,,,,,,,,,,,
1/26/2015,39,2140,3.45,2057.09,0.0019,92,,,,,,,,,,,,,,
1/26/2015,39,2145,3,2057.09,0.0019,96.4,,,,,,,,,,,,,,
1/26/2015,39,2150,2.5,2057.09,0.0019,100.85,,,,,,,,,,,,,,
1/26/2015,39,2155,2.075,2057.09,0.0019,105.35,,,,,,,,,,,,,,
1/26/2015,39,2160,1.75,2057.09,0.0019,110.05,,,,,,,,,,,,,,
1/27/2015,17,1935,99,2029.55,0.0015,7.15,,,,,,,,,,,,,,
1/27/2015,17,1940,94.55,2029.55,0.0015,7.75,,,,,,,,,,,,,,
1/27/2015,17,1945,90.15,2029.55,0.0015,8.35,,,,,,,,,,,,,,
1/27/2015,17,1950,85.8,2029.55,0.0015,9,,,,,,,,,,,,,,
1/27/2015,17,1955,81.45,2029.55,0.0015,9.7,,,,,,,,,,,,,,
1/27/2015,17,1960,77.35,2029.55,0.0015,10.5,,,,,,,,,,,,,,
1/27/2015,17,1965,73.1,2029.55,0.0015,11.3,,,,,,,,,,,,,,
1/27/2015,17,1970,68.9,2029.55,0.0015,12.2,,,,,,,,,,,,,,
1/27/2015,17,1975,64.85,2029.55,0.0015,13.1,,,,,,,,,,,,,,
1/27/2015,17,1980,60.85,2029.55,0.0015,14.1,,,,,,,,,,,,,,
1/27/2015,17,1985,57,2029.55,0.0015,15.1,,,,,,,,,,,,,,
1/27/2015,17,1990,53.15,2029.55,0.0015,16.35,,,,,,,,,,,,,,
1/27/2015,17,1995,49.4,2029.55,0.0015,17.45,,,,,,,,,,,,,,
1/27/2015,17,2000,45.65,2029.55,0.0015,18.8,,,,,,,,,,,,,,
1/27/2015,17,2005,42.1,2029.55,0.0015,20.35,,,,,,,,,,,,,,
1/27/2015,17,2010,38.7,2029.55,0.0015,21.7,,,,,,,,,,,,,,
1/27/2015,17,2015,35.25,2029.55,0.0015,23.45,,,,,,,,,,,,,,
1/27/2015,17,2020,32.05,2029.55,0.0015,25.15,,,,,,,,,,,,,,
1/27/2015,17,2025,28.9,2029.55,0.0015,26.95,,,,,,,,,,,,,,
1/27/2015,17,2030,25.75,2029.55,0.0015,29.25,,,,,,,,,,,,,,
1/27/2015,17,2035,23,2029.55,0.0015,31.35,,,,,,,,,,,,,,
1/27/2015,17,2040,20.35,2029.55,0.0015,33.6,,,,,,,,,,,,,,
1/27/2015,17,2045,17.7,2029.55,0.0015,36.1,,,,,,,,,,,,,,
1/27/2015,17,2050,15.35,2029.55,0.0015,38.9,,,,,,,,,,,,,,
1/27/2015,17,2055,13.15,2029.55,0.0015,41.75,,,,,,,,,,,,,,
1/27/2015,17,2060,11.15,2029.55,0.0015,44.75,,,,,,,,,,,,,,
1/27/2015,17,2065,9.3,2029.55,0.0015,48,,,,,,,,,,,,,,
1/27/2015,17,2070,7.8,2029.55,0.0015,51.3,,,,,,,,,,,,,,
1/27/2015,17,2075,6.4,2029.55,0.0015,54.95,,,,,,,,,,,,,,
1/27/2015,17,2080,5.15,2029.55,0.0015,58.7,,,,,,,,,,,,,,
1/27/2015,17,2085,4.15,2029.55,0.0015,62.6,,,,,,,,,,,,,,
1/27/2015,17,2090,3.3,2029.55,0.0015,66.1,,,,,,,,,,,,,,
1/27/2015,17,2095,2.5,2029.55,0.0015,70.35,,,,,,,,,,,,,,
1/27/2015,17,2100,1.95,2029.55,0.0015,74.8,,,,,,,,,,,,,,
1/27/2015,38,1945,98.15,2029.55,0.0019,19.1,,,,,,,,,,,,,,
1/27/2015,38,1950,94.1,2029.55,0.0019,20.1,,,,,,,,,,,,,,
1/27/2015,38,1955,90.1,2029.55,0.0019,21,,,,,,,,,,,,,,
1/27/2015,38,1960,86.1,2029.55,0.0019,22.1,,,,,,,,,,,,,,
1/27/2015,38,1965,82.3,2029.55,0.0019,23.15,,,,,,,,,,,,,,
1/27/2015,38,1970,78.4,2029.55,0.0019,24.25,,,,,,,,,,,,,,
1/27/2015,38,1975,74.6,2029.55,0.0019,25.45,,,,,,,,,,,,,,
1/27/2015,38,1980,70.8,2029.55,0.0019,26.7,,,,,,,,,,,,,,
1/27/2015,38,1985,67.15,2029.55,0.0019,28,,,,,,,,,,,,,,
1/27/2015,38,1990,63.5,2029.55,0.0019,29.3,,,,,,,,,,,,,,
1/27/2015,38,1995,59.9,2029.55,0.0019,30.75,,,,,,,,,,,,,,
1/27/2015,38,2000,56.4,2029.55,0.0019,32.2,,,,,,,,,,,,,,
1/27/2015,38,2005,52.95,2029.55,0.0019,33.8,,,,,,,,,,,,,,
1/27/2015,38,2010,49.6,2029.55,0.0019,35.4,,,,,,,,,,,,,,
1/27/2015,38,2015,46.35,2029.55,0.0019,37.15,,,,,,,,,,,,,,
1/27/2015,38,2020,43.1,2029.55,0.0019,39,,,,,,,,,,,,,,
1/27/2015,38,2025,40.05,2029.55,0.0019,40.9,,,,,,,,,,,,,,
1/27/2015,38,2030,37.05,2029.55,0.0019,42.9,,,,,,,,,,,,,,
1/27/2015,38,2035,34.2,2029.55,0.0019,45.05,,,,,,,,,,,,,,
1/27/2015,38,2040,31.35,2029.55,0.0019,47.2,,,,,,,,,,,,,,
1/27/2015,38,2045,28.75,2029.55,0.0019,49.55,,,,,,,,,,,,,,
1/27/2015,38,2050,26.25,2029.55,0.0019,52,,,,,,,,,,,,,,
1/27/2015,38,2055,23.75,2029.55,0.0019,54.7,,,,,,,,,,,,,,
1/27/2015,38,2060,21.45,2029.55,0.0019,57.3,,,,,,,,,,,,,,
1/27/2015,38,2065,19.25,2029.55,0.0019,60.25,,,,,,,,,,,,,,
1/27/2015,38,2070,17.25,2029.55,0.0019,63.2,,,,,,,,,,,,,,
1/27/2015,38,2075,15.4,2029.55,0.0019,66.4,,,,,,,,,,,,,,
1/27/2015,38,2080,13.6,2029.55,0.0019,69.6,,,,,,,,,,,,,,
1/27/2015,38,2085,11.95,2029.55,0.0019,73,,,,,,,,,,,,,,
1/27/2015,38,2090,10.45,2029.55,0.0019,76.45,,,,,,,,,,,,,,
1/27/2015,38,2095,9.15,2029.55,0.0019,80.1,,,,,,,,,,,,,,
1/27/2015,38,2100,7.9,2029.55,0.0019,83.9,,,,,,,,,,,,,,
1/27/2015,38,2105,6.85,2029.55,0.0019,87.8,,,,,,,,,,,,,,
1/27/2015,38,2110,5.8,2029.55,0.0019,91.8,,,,,,,,,,,,,,
1/27/2015,38,2115,5,2029.55,0.0019,96,,,,,,,,,,,,,,
1/27/2015,38,2120,4.2,2029.55,0.0019,100.3,,,,,,,,,,,,,,
1/27/2015,38,2125,3.6,2029.55,0.0019,104.65,,,,,,,,,,,,,,
1/27/2015,38,2130,3.075,2029.55,0.0019,108.85,,,,,,,,,,,,,,
1/27/2015,38,2135,2.6,2029.55,0.0019,113.5,,,,,,,,,,,,,,
1/27/2015,38,2140,2.225,2029.55,0.0019,118,,,,,,,,,,,,,,
1/27/2015,38,2145,1.9,2029.55,0.0019,122.6,,,,,,,,,,,,,,
1/27/2015,38,2150,1.625,2029.55,0.0019,127.15,,,,,,,,,,,,,,
1/28/2015,16,1910,98.9,2002.16,0.0015,8.95,,,,,,,,,,,,,,
1/28/2015,16,1915,94.5,2002.16,0.0015,9.7,,,,,,,,,,,,,,
1/28/2015,16,1920,90.25,2002.16,0.0015,10.4,,,,,,,,,,,,,,
1/28/2015,16,1925,86.05,2002.16,0.0015,11.15,,,,,,,,,,,,,,
1/28/2015,16,1930,81.85,2002.16,0.0015,11.95,,,,,,,,,,,,,,
1/28/2015,16,1935,77.7,2002.16,0.0015,12.8,,,,,,,,,,,,,,
1/28/2015,16,1940,73.65,2002.16,0.0015,13.8,,,,,,,,,,,,,,
1/28/2015,16,1945,69.9,2002.16,0.0015,14.75,,,,,,,,,,,,,,
1/28/2015,16,1950,65.95,2002.16,0.0015,15.85,,,,,,,,,,,,,,
1/28/2015,16,1955,62.05,2002.16,0.0015,17.1,,,,,,,,,,,,,,
1/28/2015,16,1960,58.2,2002.16,0.0015,18.2,,,,,,,,,,,,,,
1/28/2015,16,1965,54.4,2002.16,0.0015,19.5,,,,,,,,,,,,,,
1/28/2015,16,1970,50.8,2002.16,0.0015,20.85,,,,,,,,,,,,,,
1/28/2015,16,1975,47.25,2002.16,0.0015,22.3,,,,,,,,,,,,,,
1/28/2015,16,1980,43.6,2002.16,0.0015,23.9,,,,,,,,,,,,,,
1/28/2015,16,1985,40.25,2002.16,0.0015,25.5,,,,,,,,,,,,,,
1/28/2015,16,1990,37,2002.16,0.0015,27.25,,,,,,,,,,,,,,
1/28/2015,16,1995,33.75,2002.16,0.0015,29.1,,,,,,,,,,,,,,
1/28/2015,16,2000,30.65,2002.16,0.0015,31.1,,,,,,,,,,,,,,
1/28/2015,16,2005,27.65,2002.16,0.0015,33.35,,,,,,,,,,,,,,
1/28/2015,16,2010,24.9,2002.16,0.0015,35.15,,,,,,,,,,,,,,
1/28/2015,16,2015,22.3,2002.16,0.0015,37.55,,,,,,,,,,,,,,
1/28/2015,16,2020,19.85,2002.16,0.0015,40.1,,,,,,,,,,,,,,
1/28/2015,16,2025,17.5,2002.16,0.0015,42.75,,,,,,,,,,,,,,
1/28/2015,16,2030,15.25,2002.16,0.0015,45.5,,,,,,,,,,,,,,
1/28/2015,16,2035,13.25,2002.16,0.0015,48.45,,,,,,,,,,,,,,
1/28/2015,16,2040,11.35,2002.16,0.0015,51.75,,,,,,,,,,,,,,
1/28/2015,16,2045,9.65,2002.16,0.0015,54.95,,,,,,,,,,,,,,
1/28/2015,16,2050,8.2,2002.16,0.0015,58.45,,,,,,,,,,,,,,
1/28/2015,16,2055,6.85,2002.16,0.0015,62.1,,,,,,,,,,,,,,
1/28/2015,16,2060,5.7,2002.16,0.0015,66.05,,,,,,,,,,,,,,
1/28/2015,16,2065,4.65,2002.16,0.0015,69.85,,,,,,,,,,,,,,
1/28/2015,16,2070,3.75,2002.16,0.0015,74.1,,,,,,,,,,,,,,
1/28/2015,16,2075,3.075,2002.16,0.0015,78.4,,,,,,,,,,,,,,
1/28/2015,16,2080,2.45,2002.16,0.0015,82.9,,,,,,,,,,,,,,
1/28/2015,16,2085,1.95,2002.16,0.0015,87.4,,,,,,,,,,,,,,
1/28/2015,16,2090,1.525,2002.16,0.0015,92,,,,,,,,,,,,,,
1/28/2015,37,1920,99.8,2002.16,0.0019,22.45,,,,,,,,,,,,,,
1/28/2015,37,1925,95.75,2002.16,0.0019,23.5,,,,,,,,,,,,,,
1/28/2015,37,1930,91.9,2002.16,0.0019,24.5,,,,,,,,,,,,,,
1/28/2015,37,1935,87.9,2002.16,0.0019,25.6,,,,,,,,,,,,,,
1/28/2015,37,1940,84,2002.16,0.0019,26.75,,,,,,,,,,,,,,
1/28/2015,37,1945,80.2,2002.16,0.0019,28,,,,,,,,,,,,,,
1/28/2015,37,1950,76.5,2002.16,0.0019,29.2,,,,,,,,,,,,,,
1/28/2015,37,1955,72.8,2002.16,0.0019,30.5,,,,,,,,,,,,,,
1/28/2015,37,1960,69.2,2002.16,0.0019,31.85,,,,,,,,,,,,,,
1/28/2015,37,1965,65.55,2002.16,0.0019,33.35,,,,,,,,,,,,,,
1/28/2015,37,1970,62.1,2002.16,0.0019,34.8,,,,,,,,,,,,,,
1/28/2015,37,1975,58.6,2002.16,0.0019,36.3,,,,,,,,,,,,,,
1/28/2015,37,1980,55.2,2002.16,0.0019,38.05,,,,,,,,,,,,,,
1/28/2015,37,1985,51.95,2002.16,0.0019,39.7,,,,,,,,,,,,,,
1/28/2015,37,1990,48.75,2002.16,0.0019,41.45,,,,,,,,,,,,,,
1/28/2015,37,1995,45.55,2002.16,0.0019,43.3,,,,,,,,,,,,,,
1/28/2015,37,2000,42.5,2002.16,0.0019,45.4,,,,,,,,,,,,,,
1/28/2015,37,2005,39.6,2002.16,0.0019,47.4,,,,,,,,,,,,,,
1/28/2015,37,2010,36.75,2002.16,0.0019,49.55,,,,,,,,,,,,,,
1/28/2015,37,2015,33.95,2002.16,0.0019,51.75,,,,,,,,,,,,,,
1/28/2015,37,2020,31.25,2002.16,0.0019,54.1,,,,,,,,,,,,,,
1/28/2015,37,2025,28.7,2002.16,0.0019,56.6,,,,,,,,,,,,,,
1/28/2015,37,2030,26.35,2002.16,0.0019,59.1,,,,,,,,,,,,,,
1/28/2015,37,2035,23.95,2002.16,0.0019,61.8,,,,,,,,,,,,,,
1/28/2015,37,2040,21.75,2002.16,0.0019,64.6,,,,,,,,,,,,,,
1/28/2015,37,2045,19.7,2002.16,0.0019,67.5,,,,,,,,,,,,,,
1/28/2015,37,2050,17.7,2002.16,0.0019,70.55,,,,,,,,,,,,,,
1/28/2015,37,2055,15.85,2002.16,0.0019,73.7,,,,,,,,,,,,,,
1/28/2015,37,2060,14.1,2002.16,0.0019,77,,,,,,,,,,,,,,
1/28/2015,37,2065,12.5,2002.16,0.0019,80.45,,,,,,,,,,,,,,
1/28/2015,37,2070,11.05,2002.16,0.0019,83.95,,,,,,,,,,,,,,
1/28/2015,37,2075,9.7,2002.16,0.0019,87.6,,,,,,,,,,,,,,
1/28/2015,37,2080,8.5,2002.16,0.0019,91.3,,,,,,,,,,,,,,
1/28/2015,37,2085,7.4,2002.16,0.0019,95.3,,,,,,,,,,,,,,
1/28/2015,37,2090,6.35,2002.16,0.0019,99.3,,,,,,,,,,,,,,
1/28/2015,37,2095,5.5,2002.16,0.0019,103.4,,,,,,,,,,,,,,
1/28/2015,37,2100,4.75,2002.16,0.0019,107.7,,,,,,,,,,,,,,
1/28/2015,37,2105,4.05,2002.16,0.0019,112,,,,,,,,,,,,,,
1/28/2015,37,2110,3.45,2002.16,0.0019,116.4,,,,,,,,,,,,,,
1/28/2015,37,2115,2.975,2002.16,0.0019,120.9,,,,,,,,,,,,,,
1/28/2015,37,2120,2.55,2002.16,0.0019,125.5,,,,,,,,,,,,,,
1/28/2015,37,2125,2.15,2002.16,0.0019,130.1,,,,,,,,,,,,,,
1/28/2015,37,2130,1.825,2002.16,0.0019,134.8,,,,,,,,,,,,,,
1/28/2015,37,2135,1.575,2002.16,0.0019,139.5,,,,,,,,,,,,,,
1/29/2015,15,1925,99.05,2021.25,0.0015,6.85,52.95,,,,,,,,,,,,,
1/29/2015,15,1930,94.5,2021.25,0.0015,7.45,50.975,,,,,,,,,,,,,
1/29/2015,15,1935,90.1,2021.25,0.0015,8.1,49.1,,,,,,,,,,,,,
1/29/2015,15,1940,85.9,2021.25,0.0015,8.8,47.35,,,,,,,,,,,,,
1/29/2015,15,1945,81.65,2021.25,0.0015,9.5,45.575,,,,,,,,,,,,,
1/29/2015,15,1950,77.25,2021.25,0.0015,10.25,43.75,,,,,,,,,,,,,
1/29/2015,15,1955,73.25,2021.25,0.0015,11.05,42.15,,,,,,,,,,,,,
1/29/2015,15,1960,69.15,2021.25,0.0015,12.05,40.6,,,,,,,,,,,,,
1/29/2015,15,1965,65,2021.25,0.0015,12.9,38.95,,,,,,,,,,,,,
1/29/2015,15,1970,61.2,2021.25,0.0015,14,37.6,,,,,,,,,,,,,
1/29/2015,15,1975,57.25,2021.25,0.0015,15.05,36.15,,,,,,,,,,,,,
1/29/2015,15,1980,53.25,2021.25,0.0015,16.2,34.725,,,,,,,,,,,,,
1/29/2015,15,1985,49.6,2021.25,0.0015,17.6,33.6,,,,,,,,,,,,,
1/29/2015,15,1990,45.9,2021.25,0.0015,18.85,32.375,,,,,,,,,,,,,
1/29/2015,15,1995,42.35,2021.25,0.0015,20.35,31.35,,,,,,,,,,,,,
1/29/2015,15,2000,38.8,2021.25,0.0015,21.95,30.375,,,,,,,,,,,,,
1/29/2015,15,2005,35.45,2021.25,0.0015,23.55,29.5,,,,,,,,,,,,,
1/29/2015,15,2010,32.25,2021.25,0.0015,25.45,28.85,,,,,,,,,,,,,
1/29/2015,15,2015,29.25,2021.25,0.0015,27.3,28.275,,,,,,,,,,,,,
1/29/2015,15,2020,26.15,2021.25,0.0015,29.2,27.675,,,,,,,,,,,,,
1/29/2015,15,2025,23.4,2021.25,0.0015,31.4,27.4,,,,,,,,,,,,,
1/29/2015,15,2030,20.65,2021.25,0.0015,33.7,27.175,,,,,,,,,,,,,
1/29/2015,15,2035,18.15,2021.25,0.0015,36.35,27.25,,,,,,,,,,,,,
1/29/2015,15,2040,15.85,2021.25,0.0015,38.75,27.3,,,,,,,,,,,,,
1/29/2015,15,2045,13.55,2021.25,0.0015,41.7,27.625,,,,,,,,,,,,,
1/29/2015,15,2050,11.55,2021.25,0.0015,44.65,28.1,,,,,,,,,,,,,
1/29/2015,15,2055,9.85,2021.25,0.0015,47.85,28.85,,,,,,,,,,,,,
1/29/2015,15,2060,8.15,2021.25,0.0015,51.15,29.65,,,,,,,,,,,,,
1/29/2015,15,2065,6.8,2021.25,0.0015,54.75,30.775,,,,,,,,,,,,,
1/29/2015,15,2070,5.5,2021.25,0.0015,58.5,32,,,,,,,,,,,,,
1/29/2015,15,2075,4.35,2021.25,0.0015,62.35,33.35,,,,,,,,,,,,,
1/29/2015,15,2080,3.5,2021.25,0.0015,66.45,34.975,,,,,,,,,,,,,
1/29/2015,15,2085,2.8,2021.25,0.0015,70.8,36.8,,,,,,,,,,,,,
1/29/2015,15,2090,2.2,2021.25,0.0015,75.1,38.65,,,,,,,,,,,,,
1/29/2015,15,2095,1.725,2021.25,0.0015,79.5,40.6125,,,,,,,,,,,,,
1/29/2015,36,1935,99.2,2021.25,0.0019,19.5,,,,,,,,,,,,,,
1/29/2015,36,1940,95.05,2021.25,0.0019,20.45,,,,,,,,,,,,,,
1/29/2015,36,1945,91,2021.25,0.0019,21.45,,,,,,,,,,,,,,
1/29/2015,36,1950,87.05,2021.25,0.0019,22.4,,,,,,,,,,,,,,
1/29/2015,36,1955,83.15,2021.25,0.0019,23.55,,,,,,,,,,,,,,
1/29/2015,36,1960,79.25,2021.25,0.0019,24.65,,,,,,,,,,,,,,
1/29/2015,36,1965,75.4,2021.25,0.0019,25.85,,,,,,,,,,,,,,
1/29/2015,36,1970,71.7,2021.25,0.0019,27.1,,,,,,,,,,,,,,
1/29/2015,36,1975,68.05,2021.25,0.0019,28.45,,,,,,,,,,,,,,
1/29/2015,36,1980,64.35,2021.25,0.0019,29.8,,,,,,,,,,,,,,
1/29/2015,36,1985,60.75,2021.25,0.0019,31.2,,,,,,,,,,,,,,
1/29/2015,36,1990,57.25,2021.25,0.0019,32.65,,,,,,,,,,,,,,
1/29/2015,36,1995,53.85,2021.25,0.0019,34.25,,,,,,,,,,,,,,
1/29/2015,36,2000,50.45,2021.25,0.0019,35.85,,,,,,,,,,,,,,
1/29/2015,36,2005,47.2,2021.25,0.0019,37.65,,,,,,,,,,,,,,
1/29/2015,36,2010,44,2021.25,0.0019,39.45,,,,,,,,,,,,,,
1/29/2015,36,2015,40.85,2021.25,0.0019,41.35,,,,,,,,,,,,,,
1/29/2015,36,2020,37.85,2021.25,0.0019,43.4,,,,,,,,,,,,,,
1/29/2015,36,2025,34.9,2021.25,0.0019,45.55,,,,,,,,,,,,,,
1/29/2015,36,2030,32.15,2021.25,0.0019,47.75,,,,,,,,,,,,,,
1/29/2015,36,2035,29.4,2021.25,0.0019,50.05,,,,,,,,,,,,,,
1/29/2015,36,2040,26.85,2021.25,0.0019,52.45,,,,,,,,,,,,,,
1/29/2015,36,2045,24.35,2021.25,0.0019,54.95,,,,,,,,,,,,,,
1/29/2015,36,2050,22.1,2021.25,0.0019,57.7,,,,,,,,,,,,,,
1/29/2015,36,2055,19.9,2021.25,0.0019,60.4,,,,,,,,,,,,,,
1/29/2015,36,2060,17.8,2021.25,0.0019,63.25,,,,,,,,,,,,,,
1/29/2015,36,2065,15.9,2021.25,0.0019,66.25,,,,,,,,,,,,,,
1/29/2015,36,2070,14,2021.25,0.0019,69.5,,,,,,,,,,,,,,
1/29/2015,36,2075,12.35,2021.25,0.0019,72.7,,,,,,,,,,,,,,
1/29/2015,36,2080,10.75,2021.25,0.0019,76.1,,,,,,,,,,,,,,
1/29/2015,36,2085,9.5,2021.25,0.0019,79.85,,,,,,,,,,,,,,
1/29/2015,36,2090,8.15,2021.25,0.0019,83.65,,,,,,,,,,,,,,
1/29/2015,36,2095,7.05,2021.25,0.0019,87.15,,,,,,,,,,,,,,
1/29/2015,36,2100,6,2021.25,0.0019,91.25,,,,,,,,,,,,,,
1/29/2015,36,2105,5.1,2021.25,0.0019,95.35,,,,,,,,,,,,,,
1/29/2015,36,2110,4.3,2021.25,0.0019,99.55,,,,,,,,,,,,,,
1/29/2015,36,2115,3.65,2021.25,0.0019,103.95,,,,,,,,,,,,,,
1/29/2015,36,2120,3.1,2021.25,0.0019,108.25,,,,,,,,,,,,,,
1/29/2015,36,2125,2.6,2021.25,0.0019,112.95,,,,,,,,,,,,,,
1/29/2015,36,2130,2.2,2021.25,0.0019,117.6,,,,,,,,,,,,,,
1/29/2015,36,2135,1.85,2021.25,0.0019,122.2,,,,,,,,,,,,,,
1/29/2015,36,2140,1.55,2021.25,0.0019,126.85,,,,,,,,,,,,,,
1/30/2015,14,1900,99.85,1994.99,0.0015,9.45,,,,,,,,,,,,,,
1/30/2015,14,1905,95.75,1994.99,0.0015,10.15,,,,,,,,,,,,,,
1/30/2015,14,1910,91.5,1994.99,0.0015,11,,,,,,,,,,,,,,
1/30/2015,14,1915,87.25,1994.99,0.0015,11.7,,,,,,,,,,,,,,
1/30/2015,14,1920,83.2,1994.99,0.0015,12.55,,,,,,,,,,,,,,
1/30/2015,14,1925,79.1,1994.99,0.0015,13.45,,,,,,,,,,,,,,
1/30/2015,14,1930,75,1994.99,0.0015,14.4,,,,,,,,,,,,,,
1/30/2015,14,1935,71,1994.99,0.0015,15.45,,,,,,,,,,,,,,
1/30/2015,14,1940,67.15,1994.99,0.0015,16.55,,,,,,,,,,,,,,
1/30/2015,14,1945,63.2,1994.99,0.0015,17.7,,,,,,,,,,,,,,
1/30/2015,14,1950,59.5,1994.99,0.0015,19.1,,,,,,,,,,,,,,
1/30/2015,14,1955,55.75,1994.99,0.0015,20.35,,,,,,,,,,,,,,
1/30/2015,14,1960,52.15,1994.99,0.0015,21.75,,,,,,,,,,,,,,
1/30/2015,14,1965,48.65,1994.99,0.0015,23.2,,,,,,,,,,,,,,
1/30/2015,14,1970,45.3,1994.99,0.0015,24.65,,,,,,,,,,,,,,
1/30/2015,14,1975,41.8,1994.99,0.0015,26.35,,,,,,,,,,,,,,
1/30/2015,14,1980,38.55,1994.99,0.0015,28.1,,,,,,,,,,,,,,
1/30/2015,14,1985,35.35,1994.99,0.0015,29.9,,,,,,,,,,,,,,
1/30/2015,14,1990,32.25,1994.99,0.0015,31.95,,,,,,,,,,,,,,
1/30/2015,14,1995,29.4,1994.99,0.0015,34.35,,,,,,,,,,,,,,
1/30/2015,14,2000,26.6,1994.99,0.0015,36.2,,,,,,,,,,,,,,
1/30/2015,14,2005,23.95,1994.99,0.0015,38.55,,,,,,,,,,,,,,
1/30/2015,14,2010,21.2,1994.99,0.0015,41,,,,,,,,,,,,,,
1/30/2015,14,2015,18.95,1994.99,0.0015,43.65,,,,,,,,,,,,,,
1/30/2015,14,2020,16.6,1994.99,0.0015,46.4,,,,,,,,,,,,,,
1/30/2015,14,2025,14.55,1994.99,0.0015,49.3,,,,,,,,,,,,,,
1/30/2015,14,2030,12.5,1994.99,0.0015,52.3,,,,,,,,,,,,,,
1/30/2015,14,2035,10.75,1994.99,0.0015,55.5,,,,,,,,,,,,,,
1/30/2015,14,2040,9.2,1994.99,0.0015,58.85,,,,,,,,,,,,,,
1/30/2015,14,2045,7.75,1994.99,0.0015,62.4,,,,,,,,,,,,,,
1/30/2015,14,2050,6.45,1994.99,0.0015,66.1,,,,,,,,,,,,,,
1/30/2015,14,2055,5.35,1994.99,0.0015,70.05,,,,,,,,,,,,,,
1/30/2015,14,2060,4.35,1994.99,0.0015,74,,,,,,,,,,,,,,
1/30/2015,14,2065,3.45,1994.99,0.0015,78.4,,,,,,,,,,,,,,
1/30/2015,14,2070,2.75,1994.99,0.0015,82.6,,,,,,,,,,,,,,
1/30/2015,14,2075,2.175,1994.99,0.0015,87.2,,,,,,,,,,,,,,
1/30/2015,14,2080,1.7,1994.99,0.0015,91.75,,,,,,,,,,,,,,
1/30/2015,35,1915,98.15,1994.99,0.0019,25.4,,,,,,,,,,,,,,
1/30/2015,35,1920,94.2,1994.99,0.0019,26.5,,,,,,,,,,,,,,
1/30/2015,35,1925,90.3,1994.99,0.0019,27.6,,,,,,,,,,,,,,
1/30/2015,35,1930,86.55,1994.99,0.0019,28.9,,,,,,,,,,,,,,
1/30/2015,35,1935,82.75,1994.99,0.0019,30.1,,,,,,,,,,,,,,
1/30/2015,35,1940,79,1994.99,0.0019,31.4,,,,,,,,,,,,,,
1/30/2015,35,1945,75.4,1994.99,0.0019,32.7,,,,,,,,,,,,,,
1/30/2015,35,1950,71.75,1994.99,0.0019,34.1,,,,,,,,,,,,,,
1/30/2015,35,1955,68.15,1994.99,0.0019,35.5,,,,,,,,,,,,,,
1/30/2015,35,1960,64.7,1994.99,0.0019,37.05,,,,,,,,,,,,,,
1/30/2015,35,1965,61.3,1994.99,0.0019,38.55,,,,,,,,,,,,,,
1/30/2015,35,1970,57.9,1994.99,0.0019,40.1,,,,,,,,,,,,,,
1/30/2015,35,1975,54.65,1994.99,0.0019,41.95,,,,,,,,,,,,,,
1/30/2015,35,1980,51.4,1994.99,0.0019,43.7,,,,,,,,,,,,,,
1/30/2015,35,1985,48.2,1994.99,0.0019,45.4,,,,,,,,,,,,,,
1/30/2015,35,1990,45.15,1994.99,0.0019,47.5,,,,,,,,,,,,,,
1/30/2015,35,1995,42.15,1994.99,0.0019,49.5,,,,,,,,,,,,,,
1/30/2015,35,2000,39.25,1994.99,0.0019,51.65,,,,,,,,,,,,,,
1/30/2015,35,2005,36.5,1994.99,0.0019,53.7,,,,,,,,,,,,,,
1/30/2015,35,2010,33.8,1994.99,0.0019,56.05,,,,,,,,,,,,,,
1/30/2015,35,2015,31.15,1994.99,0.0019,58.5,,,,,,,,,,,,,,
1/30/2015,35,2020,28.65,1994.99,0.0019,61,,,,,,,,,,,,,,
1/30/2015,35,2025,26.25,1994.99,0.0019,63.6,,,,,,,,,,,,,,
1/30/2015,35,2030,23.95,1994.99,0.0019,66.35,,,,,,,,,,,,,,
1/30/2015,35,2035,21.8,1994.99,0.0019,69.2,,,,,,,,,,,,,,
1/30/2015,35,2040,19.75,1994.99,0.0019,72.1,,,,,,,,,,,,,,
1/30/2015,35,2045,17.75,1994.99,0.0019,75.2,,,,,,,,,,,,,,
1/30/2015,35,2050,16,1994.99,0.0019,78.35,,,,,,,,,,,,,,
1/30/2015,35,2055,14.25,1994.99,0.0019,81.65,,,,,,,,,,,,,,
1/30/2015,35,2060,12.65,1994.99,0.0019,85.05,,,,,,,,,,,,,,
1/30/2015,35,2065,11.2,1994.99,0.0019,88.65,,,,,,,,,,,,,,
1/30/2015,35,2070,9.9,1994.99,0.0019,92.25,,,,,,,,,,,,,,
1/30/2015,35,2075,8.65,1994.99,0.0019,96.05,,,,,,,,,,,,,,
1/30/2015,35,2080,7.75,1994.99,0.0019,99.9,,,,,,,,,,,,,,
1/30/2015,35,2085,6.55,1994.99,0.0019,103.9,,,,,,,,,,,,,,
1/30/2015,35,2090,5.65,1994.99,0.0019,108.1,,,,,,,,,,,,,,
1/30/2015,35,2095,4.9,1994.99,0.0019,112.3,,,,,,,,,,,,,,
1/30/2015,35,2100,4.2,1994.99,0.0019,116.6,,,,,,,,,,,,,,
1/30/2015,35,2105,3.6,1994.99,0.0019,121,,,,,,,,,,,,,,
1/30/2015,35,2110,3.1,1994.99,0.0019,125.5,,,,,,,,,,,,,,
1/30/2015,35,2115,2.625,1994.99,0.0019,130,,,,,,,,,,,,,,
1/30/2015,35,2120,2.25,1994.99,0.0019,134.65,,,,,,,,,,,,,,
1/30/2015,35,2125,1.95,1994.99,0.0019,139.35,,,,,,,,,,,,,,
1/30/2015,35,2130,1.65,1994.99,0.0019,144.05,,,,,,,,,,,,,,
02-02-2015,18,1925,98.7,2020.85,0.0016,8.4,,,,,,,,,,,,,,
02-02-2015,18,1930,94.3,2020.85,0.0016,9.05,,,,,,,,,,,,,,
02-02-2015,18,1935,90,2020.85,0.0016,9.7,,,,,,,,,,,,,,
02-02-2015,18,1940,85.7,2020.85,0.0016,10.35,,,,,,,,,,,,,,
02-02-2015,18,1945,81.45,2020.85,0.0016,11.1,,,,,,,,,,,,,,
02-02-2015,18,1950,77.25,2020.85,0.0016,12.05,,,,,,,,,,,,,,
02-02-2015,18,1955,73.1,2020.85,0.0016,12.75,,,,,,,,,,,,,,
02-02-2015,18,1960,69.1,2020.85,0.0016,13.8,,,,,,,,,,,,,,
02-02-2015,18,1965,65.25,2020.85,0.0016,14.8,,,,,,,,,,,,,,
02-02-2015,18,1970,61.1,2020.85,0.0016,15.95,,,,,,,,,,,,,,
02-02-2015,18,1975,57.25,2020.85,0.0016,16.95,,,,,,,,,,,,,,
02-02-2015,18,1980,53.45,2020.85,0.0016,18.2,,,,,,,,,,,,,,
02-02-2015,18,1985,49.75,2020.85,0.0016,19.45,,,,,,,,,,,,,,
02-02-2015,18,1990,46.25,2020.85,0.0016,20.85,,,,,,,,,,,,,,
02-02-2015,18,1995,42.75,2020.85,0.0016,22.3,,,,,,,,,,,,,,
02-02-2015,18,2000,39.2,2020.85,0.0016,24.2,,,,,,,,,,,,,,
02-02-2015,18,2005,36,2020.85,0.0016,25.5,,,,,,,,,,,,,,
02-02-2015,18,2010,32.7,2020.85,0.0016,26.95,,,,,,,,,,,,,,
02-02-2015,18,2015,29.65,2020.85,0.0016,29.3,,,,,,,,,,,,,,
02-02-2015,18,2020,26.4,2020.85,0.0016,31.2,,,,,,,,,,,,,,
02-02-2015,18,2025,23.65,2020.85,0.0016,33.5,,,,,,,,,,,,,,
02-02-2015,18,2030,21,2020.85,0.0016,35.75,,,,,,,,,,,,,,
02-02-2015,18,2035,18.6,2020.85,0.0016,38.2,,,,,,,,,,,,,,
02-02-2015,18,2040,16.05,2020.85,0.0016,40.9,,,,,,,,,,,,,,
02-02-2015,18,2045,13.95,2020.85,0.0016,43.65,,,,,,,,,,,,,,
02-02-2015,18,2050,12,2020.85,0.0016,46.6,,,,,,,,,,,,,,
02-02-2015,18,2055,10.05,2020.85,0.0016,49.8,,,,,,,,,,,,,,
02-02-2015,18,2060,8.35,2020.85,0.0016,53.15,,,,,,,,,,,,,,
02-02-2015,18,2065,6.95,2020.85,0.0016,56.65,,,,,,,,,,,,,,
02-02-2015,18,2070,5.7,2020.85,0.0016,60.45,,,,,,,,,,,,,,
02-02-2015,18,2075,4.5,2020.85,0.0016,64.3,,,,,,,,,,,,,,
02-02-2015,18,2080,3.7,2020.85,0.0016,68.25,,,,,,,,,,,,,,
02-02-2015,18,2085,2.95,2020.85,0.0016,72.55,,,,,,,,,,,,,,
02-02-2015,18,2090,2.275,2020.85,0.0016,76.8,,,,,,,,,,,,,,
02-02-2015,18,2095,1.725,2020.85,0.0016,81.4,,,,,,,,,,,,,,
02-02-2015,39,1940,96.7,2020.85,0.0021,23.8,,,,,,,,,,,,,,
02-02-2015,39,1945,92.75,2020.85,0.0021,24.85,,,,,,,,,,,,,,
02-02-2015,39,1950,88.7,2020.85,0.0021,25.85,,,,,,,,,,,,,,
02-02-2015,39,1955,84.95,2020.85,0.0021,27,,,,,,,,,,,,,,
02-02-2015,39,1960,81.1,2020.85,0.0021,28.3,,,,,,,,,,,,,,
02-02-2015,39,1965,77.35,2020.85,0.0021,29.5,,,,,,,,,,,,,,
02-02-2015,39,1970,73.55,2020.85,0.0021,30.7,,,,,,,,,,,,,,
02-02-2015,39,1975,69.85,2020.85,0.0021,32,,,,,,,,,,,,,,
02-02-2015,39,1980,66.15,2020.85,0.0021,33.45,,,,,,,,,,,,,,
02-02-2015,39,1985,62.7,2020.85,0.0021,34.75,,,,,,,,,,,,,,
02-02-2015,39,1990,59.2,2020.85,0.0021,36.25,,,,,,,,,,,,,,
02-02-2015,39,1995,55.8,2020.85,0.0021,37.95,,,,,,,,,,,,,,
02-02-2015,39,2000,52.45,2020.85,0.0021,39.45,,,,,,,,,,,,,,
02-02-2015,39,2005,49.05,2020.85,0.0021,41.3,,,,,,,,,,,,,,
02-02-2015,39,2010,46,2020.85,0.0021,43,,,,,,,,,,,,,,
02-02-2015,39,2015,42.9,2020.85,0.0021,44.95,,,,,,,,,,,,,,
02-02-2015,39,2020,39.85,2020.85,0.0021,46.9,,,,,,,,,,,,,,
02-02-2015,39,2025,36.95,2020.85,0.0021,48.95,,,,,,,,,,,,,,
02-02-2015,39,2030,34.05,2020.85,0.0021,51.15,,,,,,,,,,,,,,
02-02-2015,39,2035,31.35,2020.85,0.0021,53.4,,,,,,,,,,,,,,
02-02-2015,39,2040,28.75,2020.85,0.0021,55.75,,,,,,,,,,,,,,
02-02-2015,39,2045,26.25,2020.85,0.0021,58.3,,,,,,,,,,,,,,
02-02-2015,39,2050,23.75,2020.85,0.0021,60.9,,,,,,,,,,,,,,
02-02-2015,39,2055,21.55,2020.85,0.0021,63.65,,,,,,,,,,,,,,
02-02-2015,39,2060,19.45,2020.85,0.0021,66.6,,,,,,,,,,,,,,
02-02-2015,39,2065,17.3,2020.85,0.0021,69.5,,,,,,,,,,,,,,
02-02-2015,39,2070,15.45,2020.85,0.0021,72.7,,,,,,,,,,,,,,
02-02-2015,39,2075,13.65,2020.85,0.0021,76.5,,,,,,,,,,,,,,
02-02-2015,39,2080,12.15,2020.85,0.0021,79.85,,,,,,,,,,,,,,
02-02-2015,39,2085,10.5,2020.85,0.0021,83.35,,,,,,,,,,,,,,
02-02-2015,39,2090,9.25,2020.85,0.0021,86.95,,,,,,,,,,,,,,
02-02-2015,39,2095,8.05,2020.85,0.0021,90.75,,,,,,,,,,,,,,
02-02-2015,39,2100,6.85,2020.85,0.0021,94.65,,,,,,,,,,,,,,
02-02-2015,39,2105,5.9,2020.85,0.0021,98.7,,,,,,,,,,,,,,
02-02-2015,39,2110,4.95,2020.85,0.0021,102.75,,,,,,,,,,,,,,
02-02-2015,39,2115,4.2,2020.85,0.0021,106.75,,,,,,,,,,,,,,
02-02-2015,39,2120,3.5,2020.85,0.0021,110.15,,,,,,,,,,,,,,
02-02-2015,39,2125,3,2020.85,0.0021,116.2,,,,,,,,,,,,,,
02-02-2015,39,2130,2.45,2020.85,0.0021,119.65,,,,,,,,,,,,,,
02-02-2015,39,2135,2.075,2020.85,0.0021,124.2,,,,,,,,,,,,,,
02-02-2015,39,2140,1.725,2020.85,0.0021,129,,,,,,,,,,,,,,
02-03-2015,17,1955,95.9,2050.03,0.0016,5.7,,,,,,,,,,,,,,
02-03-2015,17,1960,91.45,2050.03,0.0016,6.05,,,,,,,,,,,,,,
02-03-2015,17,1965,86.7,2050.03,0.0016,6.6,,,,,,,,,,,,,,
02-03-2015,17,1970,82.3,2050.03,0.0016,7.2,,,,,,,,,,,,,,
02-03-2015,17,1975,78,2050.03,0.0016,7.8,,,,,,,,,,,,,,
02-03-2015,17,1980,73.65,2050.03,0.0016,8.45,,,,,,,,,,,,,,
02-03-2015,17,1985,69.4,2050.03,0.0016,9.25,,,,,,,,,,,,,,
02-03-2015,17,1990,65.2,2050.03,0.0016,9.95,,,,,,,,,,,,,,
02-03-2015,17,1995,61.1,2050.03,0.0016,10.8,,,,,,,,,,,,,,
02-03-2015,17,2000,57.1,2050.03,0.0016,11.9,,,,,,,,,,,,,,
02-03-2015,17,2005,53.2,2050.03,0.0016,12.75,,,,,,,,,,,,,,
02-03-2015,17,2010,49.25,2050.03,0.0016,13.9,,,,,,,,,,,,,,
02-03-2015,17,2015,45.55,2050.03,0.0016,15.05,,,,,,,,,,,,,,
02-03-2015,17,2020,42.3,2050.03,0.0016,16.6,,,,,,,,,,,,,,
02-03-2015,17,2025,38.25,2050.03,0.0016,17.75,,,,,,,,,,,,,,
02-03-2015,17,2030,34.75,2050.03,0.0016,19,,,,,,,,,,,,,,
02-03-2015,17,2035,31.5,2050.03,0.0016,20.9,,,,,,,,,,,,,,
02-03-2015,17,2040,28.25,2050.03,0.0016,22.6,,,,,,,,,,,,,,
02-03-2015,17,2045,25.05,2050.03,0.0016,24.55,,,,,,,,,,,,,,
02-03-2015,17,2050,22.15,2050.03,0.0016,26.6,,,,,,,,,,,,,,
02-03-2015,17,2055,19.3,2050.03,0.0016,28.85,,,,,,,,,,,,,,
02-03-2015,17,2060,16.75,2050.03,0.0016,31.25,,,,,,,,,,,,,,
02-03-2015,17,2065,14.25,2050.03,0.0016,33.8,,,,,,,,,,,,,,
02-03-2015,17,2070,12.1,2050.03,0.0016,36.65,,,,,,,,,,,,,,
02-03-2015,17,2075,10.2,2050.03,0.0016,39.7,,,,,,,,,,,,,,
02-03-2015,17,2080,8.15,2050.03,0.0016,43,,,,,,,,,,,,,,
02-03-2015,17,2085,6.8,2050.03,0.0016,46.4,,,,,,,,,,,,,,
02-03-2015,17,2090,5.45,2050.03,0.0016,50.15,,,,,,,,,,,,,,
02-03-2015,17,2095,4.3,2050.03,0.0016,53.95,,,,,,,,,,,,,,
02-03-2015,17,2100,3.35,2050.03,0.0016,58,,,,,,,,,,,,,,
02-03-2015,17,2105,2.45,2050.03,0.0016,62.25,,,,,,,,,,,,,,
02-03-2015,17,2110,1.85,2050.03,0.0016,66.6,,,,,,,,,,,,,,
02-03-2015,38,1965,96.7,2050.03,0.0021,18.3,,,,,,,,,,,,,,
02-03-2015,38,1970,92.6,2050.03,0.0021,19.2,,,,,,,,,,,,,,
02-03-2015,38,1975,88.55,2050.03,0.0021,20.1,,,,,,,,,,,,,,
02-03-2015,38,1980,84.6,2050.03,0.0021,21.1,,,,,,,,,,,,,,
02-03-2015,38,1985,80.6,2050.03,0.0021,22.2,,,,,,,,,,,,,,
02-03-2015,38,1990,76.7,2050.03,0.0021,23.25,,,,,,,,,,,,,,
02-03-2015,38,1995,72.8,2050.03,0.0021,24.35,,,,,,,,,,,,,,
02-03-2015,38,2000,69,2050.03,0.0021,25.55,,,,,,,,,,,,,,
02-03-2015,38,2005,65.3,2050.03,0.0021,26.8,,,,,,,,,,,,,,
02-03-2015,38,2010,61.6,2050.03,0.0021,28.05,,,,,,,,,,,,,,
02-03-2015,38,2015,57.95,2050.03,0.0021,29.45,,,,,,,,,,,,,,
02-03-2015,38,2020,54.45,2050.03,0.0021,30.85,,,,,,,,,,,,,,
02-03-2015,38,2025,50.95,2050.03,0.0021,32.35,,,,,,,,,,,,,,
02-03-2015,38,2030,47.6,2050.03,0.0021,33.95,,,,,,,,,,,,,,
02-03-2015,38,2035,44.25,2050.03,0.0021,35.6,,,,,,,,,,,,,,
02-03-2015,38,2040,41,2050.03,0.0021,37.35,,,,,,,,,,,,,,
02-03-2015,38,2045,37.9,2050.03,0.0021,39.25,,,,,,,,,,,,,,
02-03-2015,38,2050,34.85,2050.03,0.0021,41.4,,,,,,,,,,,,,,
02-03-2015,38,2055,31.95,2050.03,0.0021,43.5,,,,,,,,,,,,,,
02-03-2015,38,2060,29.25,2050.03,0.0021,45.7,,,,,,,,,,,,,,
02-03-2015,38,2065,26.55,2050.03,0.0021,48,,,,,,,,,,,,,,
02-03-2015,38,2070,24,2050.03,0.0021,50.4,,,,,,,,,,,,,,
02-03-2015,38,2075,21.6,2050.03,0.0021,52.8,,,,,,,,,,,,,,
02-03-2015,38,2080,19.3,2050.03,0.0021,55.5,,,,,,,,,,,,,,
02-03-2015,38,2085,17.1,2050.03,0.0021,58.3,,,,,,,,,,,,,,
02-03-2015,38,2090,15.1,2050.03,0.0021,61.35,,,,,,,,,,,,,,
02-03-2015,38,2095,13.3,2050.03,0.0021,64.75,,,,,,,,,,,,,,
02-03-2015,38,2100,11.6,2050.03,0.0021,68.05,,,,,,,,,,,,,,
02-03-2015,38,2105,10,2050.03,0.0021,71.5,,,,,,,,,,,,,,
02-03-2015,38,2110,8.6,2050.03,0.0021,75.05,,,,,,,,,,,,,,
02-03-2015,38,2115,7.35,2050.03,0.0021,79,,,,,,,,,,,,,,
02-03-2015,38,2120,6.2,2050.03,0.0021,82.65,,,,,,,,,,,,,,
02-03-2015,38,2125,5.2,2050.03,0.0021,86.55,,,,,,,,,,,,,,
02-03-2015,38,2130,4.4,2050.03,0.0021,91.05,,,,,,,,,,,,,,
02-03-2015,38,2135,3.65,2050.03,0.0021,95.6,,,,,,,,,,,,,,
02-03-2015,38,2140,3.05,2050.03,0.0021,100,,,,,,,,,,,,,,
02-03-2015,38,2145,2.5,2050.03,0.0021,103.4,,,,,,,,,,,,,,
02-03-2015,38,2150,2.05,2050.03,0.0021,109.05,,,,,,,,,,,,,,
02-03-2015,38,2155,1.775,2050.03,0.0021,113.1,,,,,,,,,,,,,,
02-04-2015,16,1945,96.2,2041.51,0.0016,5.5,,,,,,,,,,,,,,
02-04-2015,16,1950,91.65,2041.51,0.0016,6.1,,,,,,,,,,,,,,
02-04-2015,16,1955,86.95,2041.51,0.0016,6.55,,,,,,,,,,,,,,
02-04-2015,16,1960,82.6,2041.51,0.0016,7.15,,,,,,,,,,,,,,
02-04-2015,16,1965,78.3,2041.51,0.0016,7.8,,,,,,,,,,,,,,
02-04-2015,16,1970,73.95,2041.51,0.0016,8.6,,,,,,,,,,,,,,
02-04-2015,16,1975,69.8,2041.51,0.0016,9.4,,,,,,,,,,,,,,
02-04-2015,16,1980,65.6,2041.51,0.0016,10.25,,,,,,,,,,,,,,
02-04-2015,16,1985,61.6,2041.51,0.0016,11.05,,,,,,,,,,,,,,
02-04-2015,16,1990,57.6,2041.51,0.0016,12.1,,,,,,,,,,,,,,
02-04-2015,16,1995,53.65,2041.51,0.0016,13.2,,,,,,,,,,,,,,
02-04-2015,16,2000,49.9,2041.51,0.0016,14.3,,,,,,,,,,,,,,
02-04-2015,16,2005,46.15,2041.51,0.0016,15.6,,,,,,,,,,,,,,
02-04-2015,16,2010,42.5,2041.51,0.0016,16.9,,,,,,,,,,,,,,
02-04-2015,16,2015,38.9,2041.51,0.0016,18.35,,,,,,,,,,,,,,
02-04-2015,16,2020,35.5,2041.51,0.0016,19.95,,,,,,,,,,,,,,
02-04-2015,16,2025,32.15,2041.51,0.0016,21.55,,,,,,,,,,,,,,
02-04-2015,16,2030,28.9,2041.51,0.0016,23.45,,,,,,,,,,,,,,
02-04-2015,16,2035,25.8,2041.51,0.0016,25.4,,,,,,,,,,,,,,
02-04-2015,16,2040,22.9,2041.51,0.0016,27.55,,,,,,,,,,,,,,
02-04-2015,16,2045,20.2,2041.51,0.0016,29.7,,,,,,,,,,,,,,
02-04-2015,16,2050,17.6,2041.51,0.0016,31.75,,,,,,,,,,,,,,
02-04-2015,16,2055,15.15,2041.51,0.0016,34.6,,,,,,,,,,,,,,
02-04-2015,16,2060,12.9,2041.51,0.0016,37.3,,,,,,,,,,,,,,
02-04-2015,16,2065,10.85,2041.51,0.0016,40.2,,,,,,,,,,,,,,
02-04-2015,16,2070,9,2041.51,0.0016,43.4,,,,,,,,,,,,,,
02-04-2015,16,2075,7.4,2041.51,0.0016,46.65,,,,,,,,,,,,,,
02-04-2015,16,2080,6,2041.51,0.0016,50.25,,,,,,,,,,,,,,
02-04-2015,16,2085,4.75,2041.51,0.0016,54.2,,,,,,,,,,,,,,
02-04-2015,16,2090,3.75,2041.51,0.0016,58.15,,,,,,,,,,,,,,
02-04-2015,16,2095,2.975,2041.51,0.0016,62.3,,,,,,,,,,,,,,
02-04-2015,16,2100,2.3,2041.51,0.0016,66.7,,,,,,,,,,,,,,
02-04-2015,16,2105,1.7,2041.51,0.0016,71.1,,,,,,,,,,,,,,
02-04-2015,37,1955,97.55,2041.51,0.0021,19.4,,,,,,,,,,,,,,
02-04-2015,37,1960,93.35,2041.51,0.0021,20.2,,,,,,,,,,,,,,
02-04-2015,37,1965,89.45,2041.51,0.0021,21.15,,,,,,,,,,,,,,
02-04-2015,37,1970,85.4,2041.51,0.0021,22.25,,,,,,,,,,,,,,
02-04-2015,37,1975,81.4,2041.51,0.0021,23.2,,,,,,,,,,,,,,
02-04-2015,37,1980,77.5,2041.51,0.0021,24.35,,,,,,,,,,,,,,
02-04-2015,37,1985,73.8,2041.51,0.0021,25.45,,,,,,,,,,,,,,
02-04-2015,37,1990,69.9,2041.51,0.0021,26.65,,,,,,,,,,,,,,
02-04-2015,37,1995,66.25,2041.51,0.0021,28,,,,,,,,,,,,,,
02-04-2015,37,2000,62.35,2041.51,0.0021,29.3,,,,,,,,,,,,,,
02-04-2015,37,2005,59.05,2041.51,0.0021,30.7,,,,,,,,,,,,,,
02-04-2015,37,2010,55.6,2041.51,0.0021,32.2,,,,,,,,,,,,,,
02-04-2015,37,2015,51.8,2041.51,0.0021,33.75,,,,,,,,,,,,,,
02-04-2015,37,2020,48.6,2041.51,0.0021,35.4,,,,,,,,,,,,,,
02-04-2015,37,2025,45.15,2041.51,0.0021,37.05,,,,,,,,,,,,,,
02-04-2015,37,2030,41.85,2041.51,0.0021,38.85,,,,,,,,,,,,,,
02-04-2015,37,2035,39,2041.51,0.0021,40.8,,,,,,,,,,,,,,
02-04-2015,37,2040,35.8,2041.51,0.0021,42.8,,,,,,,,,,,,,,
02-04-2015,37,2045,32.95,2041.51,0.0021,44.95,,,,,,,,,,,,,,
02-04-2015,37,2050,30.15,2041.51,0.0021,47.15,,,,,,,,,,,,,,
02-04-2015,37,2055,27.5,2041.51,0.0021,49.5,,,,,,,,,,,,,,
02-04-2015,37,2060,24.9,2041.51,0.0021,51.95,,,,,,,,,,,,,,
02-04-2015,37,2065,22.5,2041.51,0.0021,54.55,,,,,,,,,,,,,,
02-04-2015,37,2070,20.15,2041.51,0.0021,57.2,,,,,,,,,,,,,,
02-04-2015,37,2075,18.1,2041.51,0.0021,60.1,,,,,,,,,,,,,,
02-04-2015,37,2080,16.1,2041.51,0.0021,63.05,,,,,,,,,,,,,,
02-04-2015,37,2085,14.15,2041.51,0.0021,66.1,,,,,,,,,,,,,,
02-04-2015,37,2090,12.45,2041.51,0.0021,69.65,,,,,,,,,,,,,,
02-04-2015,37,2095,10.8,2041.51,0.0021,73.1,,,,,,,,,,,,,,
02-04-2015,37,2100,9.35,2041.51,0.0021,76.6,,,,,,,,,,,,,,
02-04-2015,37,2105,8.05,2041.51,0.0021,79.95,,,,,,,,,,,,,,
02-04-2015,37,2110,6.9,2041.51,0.0021,84.1,,,,,,,,,,,,,,
02-04-2015,37,2115,5.8,2041.51,0.0021,88.1,,,,,,,,,,,,,,
02-04-2015,37,2120,4.8,2041.51,0.0021,91.7,,,,,,,,,,,,,,
02-04-2015,37,2125,4,2041.51,0.0021,96.5,,,,,,,,,,,,,,
02-04-2015,37,2130,3.35,2041.51,0.0021,100.15,,,,,,,,,,,,,,
02-04-2015,37,2135,2.75,2041.51,0.0021,105.1,,,,,,,,,,,,,,
02-04-2015,37,2140,2.225,2041.51,0.0021,109.6,,,,,,,,,,,,,,
02-04-2015,37,2145,1.825,2041.51,0.0021,114.1,,,,,,,,,,,,,,
02-05-2015,15,1965,97.9,2062.52,0.0015,3.95,50.925,,,,,,,,,,,,,
02-05-2015,15,1970,93.35,2062.52,0.0015,4.35,48.85,,,,,,,,,,,,,
02-05-2015,15,1975,88.75,2062.52,0.0015,4.8,46.775,,,,,,,,,,,,,
02-05-2015,15,1980,84.15,2062.52,0.0015,5.4,44.775,,,,,,,,,,,,,
02-05-2015,15,1985,79.7,2062.52,0.0015,5.8,42.75,,,,,,,,,,,,,
02-05-2015,15,1990,75.3,2062.52,0.0015,6.4,40.85,,,,,,,,,,,,,
02-05-2015,15,1995,70.95,2062.52,0.0015,7.1,39.025,,,,,,,,,,,,,
02-05-2015,15,2000,66.75,2062.52,0.0015,7.8,37.275,,,,,,,,,,,,,
02-05-2015,15,2005,62.65,2062.52,0.0015,8.55,35.6,,,,,,,,,,,,,
02-05-2015,15,2010,58.4,2062.52,0.0015,9.35,33.875,,,,,,,,,,,,,
02-05-2015,15,2015,54.35,2062.52,0.0015,10.3,32.325,,,,,,,,,,,,,
02-05-2015,15,2020,50.3,2062.52,0.0015,11.25,30.775,,,,,,,,,,,,,
02-05-2015,15,2025,46.4,2062.52,0.0015,12.35,29.375,,,,,,,,,,,,,
02-05-2015,15,2030,42.7,2062.52,0.0015,13.3,28,,,,,,,,,,,,,
02-05-2015,15,2035,39.1,2062.52,0.0015,14.9,27,,,,,,,,,,,,,
02-05-2015,15,2040,35.5,2062.52,0.0015,16.3,25.9,,,,,,,,,,,,,
02-05-2015,15,2045,32,2062.52,0.0015,17.7,24.85,,,,,,,,,,,,,
02-05-2015,15,2050,28.7,2062.52,0.0015,19.6,24.15,,,,,,,,,,,,,
02-05-2015,15,2055,25.6,2062.52,0.0015,21.25,23.425,,,,,,,,,,,,,
02-05-2015,15,2060,22.5,2062.52,0.0015,23.5,23,,,,,,,,,,,,,
02-05-2015,15,2065,19.6,2062.52,0.0015,25.25,22.425,,,,,,,,,,,,,
02-05-2015,15,2070,16.85,2062.52,0.0015,27.65,22.25,,,,,,,,,,,,,
02-05-2015,15,2075,14.4,2062.52,0.0015,30.15,22.275,,,,,,,,,,,,,
02-05-2015,15,2080,11.95,2062.52,0.0015,32.9,22.425,,,,,,,,,,,,,
02-05-2015,15,2085,9.9,2062.52,0.0015,35.9,22.9,,,,,,,,,,,,,
02-05-2015,15,2090,8.1,2062.52,0.0015,39,23.55,,,,,,,,,,,,,
02-05-2015,15,2095,6.6,2062.52,0.0015,42.45,24.525,,,,,,,,,,,,,
02-05-2015,15,2100,5.25,2062.52,0.0015,46.05,25.65,,,,,,,,,,,,,
02-05-2015,15,2105,3.95,2062.52,0.0015,50,26.975,,,,,,,,,,,,,
02-05-2015,15,2110,3.025,2062.52,0.0015,54.05,28.5375,,,,,,,,,,,,,
02-05-2015,15,2115,2.3,2062.52,0.0015,58.25,30.275,,,,,,,,,,,,,
02-05-2015,15,2120,1.725,2062.52,0.0015,62.65,32.1875,,,,,,,,,,,,,
02-05-2015,36,1975,98.6,2062.52,0.0021,16.4,,,,,,,,,,,,,,
02-05-2015,36,1980,94.4,2062.52,0.0021,17.1,,,,,,,,,,,,,,
02-05-2015,36,1985,90.3,2062.52,0.0021,18.05,,,,,,,,,,,,,,
02-05-2015,36,1990,86.2,2062.52,0.0021,19,,,,,,,,,,,,,,
02-05-2015,36,1995,82.15,2062.52,0.0021,19.95,,,,,,,,,,,,,,
02-05-2015,36,2000,78.2,2062.52,0.0021,20.95,,,,,,,,,,,,,,
02-05-2015,36,2005,74.2,2062.52,0.0021,21.95,,,,,,,,,,,,,,
02-05-2015,36,2010,70.3,2062.52,0.0021,23.15,,,,,,,,,,,,,,
02-05-2015,36,2015,66.45,2062.52,0.0021,24.3,,,,,,,,,,,,,,
02-05-2015,36,2020,62.65,2062.52,0.0021,25.55,,,,,,,,,,,,,,
02-05-2015,36,2025,59,2062.52,0.0021,26.8,,,,,,,,,,,,,,
02-05-2015,36,2030,55.35,2062.52,0.0021,28.25,,,,,,,,,,,,,,
02-05-2015,36,2035,51.75,2062.52,0.0021,29.65,,,,,,,,,,,,,,
02-05-2015,36,2040,48.3,2062.52,0.0021,31.2,,,,,,,,,,,,,,
02-05-2015,36,2045,44.9,2062.52,0.0021,32.75,,,,,,,,,,,,,,
02-05-2015,36,2050,41.6,2062.52,0.0021,34.45,,,,,,,,,,,,,,
02-05-2015,36,2055,38.4,2062.52,0.0021,36.3,,,,,,,,,,,,,,
02-05-2015,36,2060,35.3,2062.52,0.0021,38.15,,,,,,,,,,,,,,
02-05-2015,36,2065,32.3,2062.52,0.0021,40.3,,,,,,,,,,,,,,
02-05-2015,36,2070,29.5,2062.52,0.0021,42.35,,,,,,,,,,,,,,
02-05-2015,36,2075,26.75,2062.52,0.0021,43.95,,,,,,,,,,,,,,
02-05-2015,36,2080,24.15,2062.52,0.0021,46.3,,,,,,,,,,,,,,
02-05-2015,36,2085,21.7,2062.52,0.0021,49.35,,,,,,,,,,,,,,
02-05-2015,36,2090,19.35,2062.52,0.0021,52,,,,,,,,,,,,,,
02-05-2015,36,2095,17.15,2062.52,0.0021,54.85,,,,,,,,,,,,,,
02-05-2015,36,2100,15.1,2062.52,0.0021,57.75,,,,,,,,,,,,,,
02-05-2015,36,2105,13.15,2062.52,0.0021,61.15,,,,,,,,,,,,,,
02-05-2015,36,2110,11.45,2062.52,0.0021,64.45,,,,,,,,,,,,,,
02-05-2015,36,2115,9.85,2062.52,0.0021,67.9,,,,,,,,,,,,,,
02-05-2015,36,2120,8.35,2062.52,0.0021,71.5,,,,,,,,,,,,,,
02-05-2015,36,2125,7.1,2062.52,0.0021,75.15,,,,,,,,,,,,,,
02-05-2015,36,2130,6,2062.52,0.0021,79.05,,,,,,,,,,,,,,
02-05-2015,36,2135,5,2062.52,0.0021,82.7,,,,,,,,,,,,,,
02-05-2015,36,2140,4.2,2062.52,0.0021,87.25,,,,,,,,,,,,,,
02-05-2015,36,2145,3.5,2062.52,0.0021,91.5,,,,,,,,,,,,,,
02-05-2015,36,2150,2.925,2062.52,0.0021,95.9,,,,,,,,,,,,,,
02-05-2015,36,2155,2.375,2062.52,0.0021,100.2,,,,,,,,,,,,,,
02-05-2015,36,2160,1.975,2062.52,0.0021,104.9,,,,,,,,,,,,,,
02-05-2015,36,2165,1.65,2062.52,0.0021,109.5,,,,,,,,,,,,,,
02-06-2015,14,1960,95.6,2055.47,0.0015,4.4,,,,,,,,,,,,,,
02-06-2015,14,1965,90.5,2055.47,0.0015,4.85,,,,,,,,,,,,,,
02-06-2015,14,1970,86.25,2055.47,0.0015,5.3,,,,,,,,,,,,,,
02-06-2015,14,1975,81.55,2055.47,0.0015,5.85,,,,,,,,,,,,,,
02-06-2015,14,1980,77.35,2055.47,0.0015,6.35,,,,,,,,,,,,,,
02-06-2015,14,1985,72.9,2055.47,0.0015,7,,,,,,,,,,,,,,
02-06-2015,14,1990,68.55,2055.47,0.0015,7.65,,,,,,,,,,,,,,
02-06-2015,14,1995,64.45,2055.47,0.0015,8.45,,,,,,,,,,,,,,
02-06-2015,14,2000,60.25,2055.47,0.0015,9.2,,,,,,,,,,,,,,
02-06-2015,14,2005,56.05,2055.47,0.0015,10.2,,,,,,,,,,,,,,
02-06-2015,14,2010,52.25,2055.47,0.0015,10.95,,,,,,,,,,,,,,
02-06-2015,14,2015,48.3,2055.47,0.0015,12.25,,,,,,,,,,,,,,
02-06-2015,14,2020,44.35,2055.47,0.0015,13.45,,,,,,,,,,,,,,
02-06-2015,14,2025,40.75,2055.47,0.0015,14.7,,,,,,,,,,,,,,
02-06-2015,14,2030,37.1,2055.47,0.0015,16.05,,,,,,,,,,,,,,
02-06-2015,14,2035,33.6,2055.47,0.0015,17.65,,,,,,,,,,,,,,
02-06-2015,14,2040,30.2,2055.47,0.0015,19.3,,,,,,,,,,,,,,
02-06-2015,14,2045,26.9,2055.47,0.0015,21,,,,,,,,,,,,,,
02-06-2015,14,2050,23.75,2055.47,0.0015,22.9,,,,,,,,,,,,,,
02-06-2015,14,2055,21,2055.47,0.0015,24.9,,,,,,,,,,,,,,
02-06-2015,14,2060,18.2,2055.47,0.0015,27.15,,,,,,,,,,,,,,
02-06-2015,14,2065,15.65,2055.47,0.0015,29.65,,,,,,,,,,,,,,
02-06-2015,14,2070,13.3,2055.47,0.0015,32.35,,,,,,,,,,,,,,
02-06-2015,14,2075,11.1,2055.47,0.0015,35.2,,,,,,,,,,,,,,
02-06-2015,14,2080,9.15,2055.47,0.0015,38.3,,,,,,,,,,,,,,
02-06-2015,14,2085,7.45,2055.47,0.0015,41.6,,,,,,,,,,,,,,
02-06-2015,14,2090,5.9,2055.47,0.0015,45.1,,,,,,,,,,,,,,
02-06-2015,14,2095,4.65,2055.47,0.0015,48.75,,,,,,,,,,,,,,
02-06-2015,14,2100,3.6,2055.47,0.0015,52.75,,,,,,,,,,,,,,
02-06-2015,14,2105,2.775,2055.47,0.0015,56.75,,,,,,,,,,,,,,
02-06-2015,14,2110,2.1,2055.47,0.0015,61.1,,,,,,,,,,,,,,
02-06-2015,14,2115,1.6,2055.47,0.0015,65.8,,,,,,,,,,,,,,
02-06-2015,35,1970,97.7,2055.47,0.0022,18.75,,,,,,,,,,,,,,
02-06-2015,35,1975,93.55,2055.47,0.0022,19.7,,,,,,,,,,,,,,
02-06-2015,35,1980,89.55,2055.47,0.0022,20.6,,,,,,,,,,,,,,
02-06-2015,35,1985,85.5,2055.47,0.0022,21.6,,,,,,,,,,,,,,
02-06-2015,35,1990,81.55,2055.47,0.0022,22.6,,,,,,,,,,,,,,
02-06-2015,35,1995,77.6,2055.47,0.0022,23.75,,,,,,,,,,,,,,
02-06-2015,35,2000,73.8,2055.47,0.0022,24.85,,,,,,,,,,,,,,
02-06-2015,35,2005,69.95,2055.47,0.0022,26.1,,,,,,,,,,,,,,
02-06-2015,35,2010,66.25,2055.47,0.0022,27.35,,,,,,,,,,,,,,
02-06-2015,35,2015,62.55,2055.47,0.0022,28.65,,,,,,,,,,,,,,
02-06-2015,35,2020,58.75,2055.47,0.0022,30,,,,,,,,,,,,,,
02-06-2015,35,2025,55.1,2055.47,0.0022,31.5,,,,,,,,,,,,,,
02-06-2015,35,2030,51.95,2055.47,0.0022,33.05,,,,,,,,,,,,,,
02-06-2015,35,2035,48.3,2055.47,0.0022,34.65,,,,,,,,,,,,,,
02-06-2015,35,2040,45,2055.47,0.0022,36.35,,,,,,,,,,,,,,
02-06-2015,35,2045,41.85,2055.47,0.0022,38.15,,,,,,,,,,,,,,
02-06-2015,35,2050,38.75,2055.47,0.0022,40.05,,,,,,,,,,,,,,
02-06-2015,35,2055,35.75,2055.47,0.0022,42.15,,,,,,,,,,,,,,
02-06-2015,35,2060,32.8,2055.47,0.0022,44.2,,,,,,,,,,,,,,
02-06-2015,35,2065,30.05,2055.47,0.0022,46.45,,,,,,,,,,,,,,
02-06-2015,35,2070,27.35,2055.47,0.0022,48.8,,,,,,,,,,,,,,
02-06-2015,35,2075,24.8,2055.47,0.0022,51.25,,,,,,,,,,,,,,
02-06-2015,35,2080,22.45,2055.47,0.0022,53.85,,,,,,,,,,,,,,
02-06-2015,35,2085,20.15,2055.47,0.0022,56.5,,,,,,,,,,,,,,
02-06-2015,35,2090,18,2055.47,0.0022,59.45,,,,,,,,,,,,,,
02-06-2015,35,2095,16,2055.47,0.0022,62.5,,,,,,,,,,,,,,
02-06-2015,35,2100,14.15,2055.47,0.0022,65.7,,,,,,,,,,,,,,
02-06-2015,35,2105,12.4,2055.47,0.0022,69.15,,,,,,,,,,,,,,
02-06-2015,35,2110,10.8,2055.47,0.0022,72.45,,,,,,,,,,,,,,
02-06-2015,35,2115,9.4,2055.47,0.0022,76.1,,,,,,,,,,,,,,
02-06-2015,35,2120,8,2055.47,0.0022,79.9,,,,,,,,,,,,,,
02-06-2015,35,2125,6.95,2055.47,0.0022,83.7,,,,,,,,,,,,,,
02-06-2015,35,2130,5.9,2055.47,0.0022,87.6,,,,,,,,,,,,,,
02-06-2015,35,2135,5.05,2055.47,0.0022,91.9,,,,,,,,,,,,,,
02-06-2015,35,2140,4.25,2055.47,0.0022,96,,,,,,,,,,,,,,
02-06-2015,35,2145,3.6,2055.47,0.0022,100.35,,,,,,,,,,,,,,
02-06-2015,35,2150,3.075,2055.47,0.0022,105.05,,,,,,,,,,,,,,
02-06-2015,35,2155,2.6,2055.47,0.0022,109.4,,,,,,,,,,,,,,
02-06-2015,35,2160,2.225,2055.47,0.0022,114.15,,,,,,,,,,,,,,
02-06-2015,35,2165,1.875,2055.47,0.0022,118.85,,,,,,,,,,,,,,
02-06-2015,35,2170,1.6,2055.47,0.0022,122.3,,,,,,,,,,,,,,
02-09-2015,18,1955,96.45,2046.74,0.0017,7.8,,,,,,,,,,,,,,
02-09-2015,18,1960,92.05,2046.74,0.0017,8.4,,,,,,,,,,,,,,
02-09-2015,18,1965,87.65,2046.74,0.0017,9.1,,,,,,,,,,,,,,
02-09-2015,18,1970,83.4,2046.74,0.0017,9.8,,,,,,,,,,,,,,
02-09-2015,18,1975,79.1,2046.74,0.0017,10.5,,,,,,,,,,,,,,
02-09-2015,18,1980,74.95,2046.74,0.0017,11.3,,,,,,,,,,,,,,
02-09-2015,18,1985,70.8,2046.74,0.0017,12.1,,,,,,,,,,,,,,
02-09-2015,18,1990,66.75,2046.74,0.0017,13.05,,,,,,,,,,,,,,
02-09-2015,18,1995,62.75,2046.74,0.0017,14,,,,,,,,,,,,,,
02-09-2015,18,2000,58.8,2046.74,0.0017,15.1,,,,,,,,,,,,,,
02-09-2015,18,2005,54.9,2046.74,0.0017,16.25,,,,,,,,,,,,,,
02-09-2015,18,2010,51.15,2046.74,0.0017,17.45,,,,,,,,,,,,,,
02-09-2015,18,2015,47.4,2046.74,0.0017,18.7,,,,,,,,,,,,,,
02-09-2015,18,2020,43.8,2046.74,0.0017,20.1,,,,,,,,,,,,,,
02-09-2015,18,2025,40.25,2046.74,0.0017,21.55,,,,,,,,,,,,,,
02-09-2015,18,2030,36.75,2046.74,0.0017,23.05,,,,,,,,,,,,,,
02-09-2015,18,2035,33.55,2046.74,0.0017,24.75,,,,,,,,,,,,,,
02-09-2015,18,2040,30.35,2046.74,0.0017,26.65,,,,,,,,,,,,,,
02-09-2015,18,2045,27.3,2046.74,0.0017,28.55,,,,,,,,,,,,,,
02-09-2015,18,2050,24.4,2046.74,0.0017,30.6,,,,,,,,,,,,,,
02-09-2015,18,2055,21.55,2046.74,0.0017,32.8,,,,,,,,,,,,,,
02-09-2015,18,2060,18.85,2046.74,0.0017,35.25,,,,,,,,,,,,,,
02-09-2015,18,2065,16.4,2046.74,0.0017,37.85,,,,,,,,,,,,,,
02-09-2015,18,2070,14.1,2046.74,0.0017,40.7,,,,,,,,,,,,,,
02-09-2015,18,2075,12.05,2046.74,0.0017,43.05,,,,,,,,,,,,,,
02-09-2015,18,2080,10.15,2046.74,0.0017,45.8,,,,,,,,,,,,,,
02-09-2015,18,2085,8.45,2046.74,0.0017,49.35,,,,,,,,,,,,,,
02-09-2015,18,2090,6.95,2046.74,0.0017,53.55,,,,,,,,,,,,,,
02-09-2015,18,2095,5.7,2046.74,0.0017,57.35,,,,,,,,,,,,,,
02-09-2015,18,2100,4.6,2046.74,0.0017,60.65,,,,,,,,,,,,,,
02-09-2015,18,2105,3.65,2046.74,0.0017,65.2,,,,,,,,,,,,,,
02-09-2015,18,2110,2.9,2046.74,0.0017,69.55,,,,,,,,,,,,,,
02-09-2015,18,2115,2.3,2046.74,0.0017,73.9,,,,,,,,,,,,,,
02-09-2015,18,2120,1.8,2046.74,0.0017,77.55,,,,,,,,,,,,,,
02-09-2015,39,1965,98.4,2046.74,0.0024,21.5,,,,,,,,,,,,,,
02-09-2015,39,1970,94.65,2046.74,0.0024,22.45,,,,,,,,,,,,,,
02-09-2015,39,1975,90.65,2046.74,0.0024,23.5,,,,,,,,,,,,,,
02-09-2015,39,1980,86.45,2046.74,0.0024,24.5,,,,,,,,,,,,,,
02-09-2015,39,1985,82.6,2046.74,0.0024,25.7,,,,,,,,,,,,,,
02-09-2015,39,1990,78.6,2046.74,0.0024,26.25,,,,,,,,,,,,,,
02-09-2015,39,1995,74.9,2046.74,0.0024,27.45,,,,,,,,,,,,,,
02-09-2015,39,2000,71.1,2046.74,0.0024,29.25,,,,,,,,,,,,,,
02-09-2015,39,2005,67.5,2046.74,0.0024,30.25,,,,,,,,,,,,,,
02-09-2015,39,2010,63.75,2046.74,0.0024,31.95,,,,,,,,,,,,,,
02-09-2015,39,2015,60.3,2046.74,0.0024,32.7,,,,,,,,,,,,,,
02-09-2015,39,2020,56.9,2046.74,0.0024,34.9,,,,,,,,,,,,,,
02-09-2015,39,2025,53.3,2046.74,0.0024,35.95,,,,,,,,,,,,,,
02-09-2015,39,2030,50.15,2046.74,0.0024,38.1,,,,,,,,,,,,,,
02-09-2015,39,2035,46.85,2046.74,0.0024,39.9,,,,,,,,,,,,,,
02-09-2015,39,2040,43.8,2046.74,0.0024,41.15,,,,,,,,,,,,,,
02-09-2015,39,2045,40.55,2046.74,0.0024,43.15,,,,,,,,,,,,,,
02-09-2015,39,2050,37.7,2046.74,0.0024,45.65,,,,,,,,,,,,,,
02-09-2015,39,2055,34.75,2046.74,0.0024,47.3,,,,,,,,,,,,,,
02-09-2015,39,2060,32,2046.74,0.0024,49.45,,,,,,,,,,,,,,
02-09-2015,39,2065,29.3,2046.74,0.0024,51.65,,,,,,,,,,,,,,
02-09-2015,39,2070,26.7,2046.74,0.0024,54.2,,,,,,,,,,,,,,
02-09-2015,39,2075,24.35,2046.74,0.0024,56.8,,,,,,,,,,,,,,
02-09-2015,39,2080,22,2046.74,0.0024,59.45,,,,,,,,,,,,,,
02-09-2015,39,2085,19.8,2046.74,0.0024,62.25,,,,,,,,,,,,,,
02-09-2015,39,2090,17.7,2046.74,0.0024,65.45,,,,,,,,,,,,,,
02-09-2015,39,2095,15.8,2046.74,0.0024,68.55,,,,,,,,,,,,,,
02-09-2015,39,2100,14.65,2046.74,0.0024,71.6,,,,,,,,,,,,,,
02-09-2015,39,2105,12.95,2046.74,0.0024,75.1,,,,,,,,,,,,,,
02-09-2015,39,2110,10.8,2046.74,0.0024,78.55,,,,,,,,,,,,,,
02-09-2015,39,2115,9,2046.74,0.0024,82.15,,,,,,,,,,,,,,
02-09-2015,39,2120,7.9,2046.74,0.0024,85.3,,,,,,,,,,,,,,
02-09-2015,39,2125,7.05,2046.74,0.0024,89.25,,,,,,,,,,,,,,
02-09-2015,39,2130,5.95,2046.74,0.0024,94.05,,,,,,,,,,,,,,
02-09-2015,39,2135,4.9,2046.74,0.0024,97.75,,,,,,,,,,,,,,
02-09-2015,39,2140,3.95,2046.74,0.0024,101.9,,,,,,,,,,,,,,
02-09-2015,39,2145,3.5,2046.74,0.0024,106.25,,,,,,,,,,,,,,
02-09-2015,39,2150,3.15,2046.74,0.0024,110.65,,,,,,,,,,,,,,
02-09-2015,39,2155,2.325,2046.74,0.0024,115.3,,,,,,,,,,,,,,
02-09-2015,39,2160,1.975,2046.74,0.0024,119.8,,,,,,,,,,,,,,
02-09-2015,39,2165,1.85,2046.74,0.0024,124.4,,,,,,,,,,,,,,
02-10-2015,17,1975,95.7,2068.59,0.0017,5.5,,,,,,,,,,,,,,
02-10-2015,17,1980,91.1,2068.59,0.0017,5.95,,,,,,,,,,,,,,
02-10-2015,17,1985,86.65,2068.59,0.0017,6.5,,,,,,,,,,,,,,
02-10-2015,17,1990,82.2,2068.59,0.0017,7.05,,,,,,,,,,,,,,
02-10-2015,17,1995,77.85,2068.59,0.0017,7.65,,,,,,,,,,,,,,
02-10-2015,17,2000,73.5,2068.59,0.0017,8.3,,,,,,,,,,,,,,
02-10-2015,17,2005,69.15,2068.59,0.0017,9.05,,,,,,,,,,,,,,
02-10-2015,17,2010,64.95,2068.59,0.0017,9.8,,,,,,,,,,,,,,
02-10-2015,17,2015,60.8,2068.59,0.0017,10.7,,,,,,,,,,,,,,
02-10-2015,17,2020,56.75,2068.59,0.0017,11.55,,,,,,,,,,,,,,
02-10-2015,17,2025,52.7,2068.59,0.0017,12.65,,,,,,,,,,,,,,
02-10-2015,17,2030,48.8,2068.59,0.0017,13.7,,,,,,,,,,,,,,
02-10-2015,17,2035,45,2068.59,0.0017,14.85,,,,,,,,,,,,,,
02-10-2015,17,2040,41.25,2068.59,0.0017,16.1,,,,,,,,,,,,,,
02-10-2015,17,2045,37.55,2068.59,0.0017,17.5,,,,,,,,,,,,,,
02-10-2015,17,2050,34,2068.59,0.0017,19,,,,,,,,,,,,,,
02-10-2015,17,2055,30.65,2068.59,0.0017,20.6,,,,,,,,,,,,,,
02-10-2015,17,2060,27.4,2068.59,0.0017,22.65,,,,,,,,,,,,,,
02-10-2015,17,2065,24.45,2068.59,0.0017,24.5,,,,,,,,,,,,,,
02-10-2015,17,2070,21.4,2068.59,0.0017,26.5,,,,,,,,,,,,,,
02-10-2015,17,2075,18.7,2068.59,0.0017,28.8,,,,,,,,,,,,,,
02-10-2015,17,2080,16.15,2068.59,0.0017,31.3,,,,,,,,,,,,,,
02-10-2015,17,2085,13.8,2068.59,0.0017,34.1,,,,,,,,,,,,,,
02-10-2015,17,2090,11.55,2068.59,0.0017,36.8,,,,,,,,,,,,,,
02-10-2015,17,2095,9.6,2068.59,0.0017,39.95,,,,,,,,,,,,,,
02-10-2015,17,2100,7.85,2068.59,0.0017,42.7,,,,,,,,,,,,,,
02-10-2015,17,2105,6.3,2068.59,0.0017,46.5,,,,,,,,,,,,,,
02-10-2015,17,2110,5.05,2068.59,0.0017,49.9,,,,,,,,,,,,,,
02-10-2015,17,2115,3.95,2068.59,0.0017,53.9,,,,,,,,,,,,,,
02-10-2015,17,2120,3.075,2068.59,0.0017,57.95,,,,,,,,,,,,,,
02-10-2015,17,2125,2.4,2068.59,0.0017,62.25,,,,,,,,,,,,,,
02-10-2015,17,2130,1.85,2068.59,0.0017,66.8,,,,,,,,,,,,,,
02-10-2015,38,1985,96.85,2068.59,0.0024,18.55,,,,,,,,,,,,,,
02-10-2015,38,1990,93.1,2068.59,0.0024,19.4,,,,,,,,,,,,,,
02-10-2015,38,1995,88.8,2068.59,0.0024,20.25,,,,,,,,,,,,,,
02-10-2015,38,2000,84.8,2068.59,0.0024,21.25,,,,,,,,,,,,,,
02-10-2015,38,2005,80.85,2068.59,0.0024,22.25,,,,,,,,,,,,,,
02-10-2015,38,2010,77,2068.59,0.0024,23.25,,,,,,,,,,,,,,
02-10-2015,38,2015,72.95,2068.59,0.0024,24.4,,,,,,,,,,,,,,
02-10-2015,38,2020,69.25,2068.59,0.0024,25.55,,,,,,,,,,,,,,
02-10-2015,38,2025,65.5,2068.59,0.0024,26.75,,,,,,,,,,,,,,
02-10-2015,38,2030,61.75,2068.59,0.0024,28.05,,,,,,,,,,,,,,
02-10-2015,38,2035,58.2,2068.59,0.0024,29.45,,,,,,,,,,,,,,
02-10-2015,38,2040,54.7,2068.59,0.0024,30.8,,,,,,,,,,,,,,
02-10-2015,38,2045,51.15,2068.59,0.0024,32.45,,,,,,,,,,,,,,
02-10-2015,38,2050,47.8,2068.59,0.0024,34.1,,,,,,,,,,,,,,
02-10-2015,38,2055,44.5,2068.59,0.0024,35.7,,,,,,,,,,,,,,
02-10-2015,38,2060,41.3,2068.59,0.0024,37.5,,,,,,,,,,,,,,
02-10-2015,38,2065,38.2,2068.59,0.0024,39.4,,,,,,,,,,,,,,
02-10-2015,38,2070,35.15,2068.59,0.0024,41.45,,,,,,,,,,,,,,
02-10-2015,38,2075,32.2,2068.59,0.0024,43.6,,,,,,,,,,,,,,
02-10-2015,38,2080,29.4,2068.59,0.0024,45.7,,,,,,,,,,,,,,
02-10-2015,38,2085,26.8,2068.59,0.0024,48.3,,,,,,,,,,,,,,
02-10-2015,38,2090,24.15,2068.59,0.0024,50.6,,,,,,,,,,,,,,
02-10-2015,38,2095,21.8,2068.59,0.0024,53.35,,,,,,,,,,,,,,
02-10-2015,38,2100,19.4,2068.59,0.0024,56,,,,,,,,,,,,,,
02-10-2015,38,2105,17.3,2068.59,0.0024,58.9,,,,,,,,,,,,,,
02-10-2015,38,2110,15.2,2068.59,0.0024,61.9,,,,,,,,,,,,,,
02-10-2015,38,2115,13.4,2068.59,0.0024,65.15,,,,,,,,,,,,,,
02-10-2015,38,2120,11.75,2068.59,0.0024,68.6,,,,,,,,,,,,,,
02-10-2015,38,2125,10.1,2068.59,0.0024,71.95,,,,,,,,,,,,,,
02-10-2015,38,2130,8.6,2068.59,0.0024,75.35,,,,,,,,,,,,,,
02-10-2015,38,2135,7.25,2068.59,0.0024,79.1,,,,,,,,,,,,,,
02-10-2015,38,2140,6.2,2068.59,0.0024,83,,,,,,,,,,,,,,
02-10-2015,38,2145,5.3,2068.59,0.0024,87,,,,,,,,,,,,,,
02-10-2015,38,2150,4.3,2068.59,0.0024,91.2,,,,,,,,,,,,,,
02-10-2015,38,2155,3.7,2068.59,0.0024,95.65,,,,,,,,,,,,,,
02-10-2015,38,2160,3.075,2068.59,0.0024,99.9,,,,,,,,,,,,,,
02-10-2015,38,2165,2.575,2068.59,0.0024,104.4,,,,,,,,,,,,,,
02-10-2015,38,2170,2.2,2068.59,0.0024,108.9,,,,,,,,,,,,,,
02-10-2015,38,2175,1.725,2068.59,0.0024,113.55,,,,,,,,,,,,,,
02-10-2015,38,2180,1.525,2068.59,0.0024,118.4,,,,,,,,,,,,,,
02-11-2015,16,1970,99.75,2068.53,0.0016,4.75,,,,,,,,,,,,,,
02-11-2015,16,1975,95.2,2068.53,0.0016,5.15,,,,,,,,,,,,,,
02-11-2015,16,1980,90.65,2068.53,0.0016,5.6,,,,,,,,,,,,,,
02-11-2015,16,1985,86.15,2068.53,0.0016,6.05,,,,,,,,,,,,,,
02-11-2015,16,1990,81.65,2068.53,0.0016,6.65,,,,,,,,,,,,,,
02-11-2015,16,1995,77.25,2068.53,0.0016,7.15,,,,,,,,,,,,,,
02-11-2015,16,2000,72.85,2068.53,0.0016,7.85,,,,,,,,,,,,,,
02-11-2015,16,2005,68.6,2068.53,0.0016,8.55,,,,,,,,,,,,,,
02-11-2015,16,2010,64.35,2068.53,0.0016,9.25,,,,,,,,,,,,,,
02-11-2015,16,2015,60.2,2068.53,0.0016,10.1,,,,,,,,,,,,,,
02-11-2015,16,2020,56.05,2068.53,0.0016,11,,,,,,,,,,,,,,
02-11-2015,16,2025,52.05,2068.53,0.0016,12,,,,,,,,,,,,,,
02-11-2015,16,2030,48.15,2068.53,0.0016,13.1,,,,,,,,,,,,,,
02-11-2015,16,2035,44.3,2068.53,0.0016,14.25,,,,,,,,,,,,,,
02-11-2015,16,2040,40.55,2068.53,0.0016,15.6,,,,,,,,,,,,,,
02-11-2015,16,2045,37,2068.53,0.0016,16.95,,,,,,,,,,,,,,
02-11-2015,16,2050,33.5,2068.53,0.0016,18.5,,,,,,,,,,,,,,
02-11-2015,16,2055,30.1,2068.53,0.0016,20.1,,,,,,,,,,,,,,
02-11-2015,16,2060,26.85,2068.53,0.0016,21.75,,,,,,,,,,,,,,
02-11-2015,16,2065,23.8,2068.53,0.0016,23.75,,,,,,,,,,,,,,
02-11-2015,16,2070,21,2068.53,0.0016,26.1,,,,,,,,,,,,,,
02-11-2015,16,2075,18.2,2068.53,0.0016,28.25,,,,,,,,,,,,,,
02-11-2015,16,2080,15.55,2068.53,0.0016,30.7,,,,,,,,,,,,,,
02-11-2015,16,2085,13.2,2068.53,0.0016,33.4,,,,,,,,,,,,,,
02-11-2015,16,2090,11.05,2068.53,0.0016,36.3,,,,,,,,,,,,,,
02-11-2015,16,2095,9.1,2068.53,0.0016,39.4,,,,,,,,,,,,,,
02-11-2015,16,2100,7.4,2068.53,0.0016,42.9,,,,,,,,,,,,,,
02-11-2015,16,2105,5.9,2068.53,0.0016,46.45,,,,,,,,,,,,,,
02-11-2015,16,2110,4.7,2068.53,0.0016,50.05,,,,,,,,,,,,,,
02-11-2015,16,2115,3.65,2068.53,0.0016,54.05,,,,,,,,,,,,,,
02-11-2015,16,2120,2.825,2068.53,0.0016,58.15,,,,,,,,,,,,,,
02-11-2015,16,2125,2.175,2068.53,0.0016,62.5,,,,,,,,,,,,,,
02-11-2015,16,2130,1.65,2068.53,0.0016,67,,,,,,,,,,,,,,
02-11-2015,37,1985,96.05,2068.53,0.0019,18.55,,,,,,,,,,,,,,
02-11-2015,37,1990,92.05,2068.53,0.0019,19.5,,,,,,,,,,,,,,
02-11-2015,37,1995,87.85,2068.53,0.0019,20.2,,,,,,,,,,,,,,
02-11-2015,37,2000,83.9,2068.53,0.0019,21.2,,,,,,,,,,,,,,
02-11-2015,37,2005,79.9,2068.53,0.0019,22.3,,,,,,,,,,,,,,
02-11-2015,37,2010,76.35,2068.53,0.0019,23.35,,,,,,,,,,,,,,
02-11-2015,37,2015,72.55,2068.53,0.0019,24.45,,,,,,,,,,,,,,
02-11-2015,37,2020,68.3,2068.53,0.0019,25.3,,,,,,,,,,,,,,
02-11-2015,37,2025,64.5,2068.53,0.0019,26.85,,,,,,,,,,,,,,
02-11-2015,37,2030,60.8,2068.53,0.0019,28.15,,,,,,,,,,,,,,
02-11-2015,37,2035,57.2,2068.53,0.0019,29.5,,,,,,,,,,,,,,
02-11-2015,37,2040,54.15,2068.53,0.0019,31,,,,,,,,,,,,,,
02-11-2015,37,2045,50.3,2068.53,0.0019,32.6,,,,,,,,,,,,,,
02-11-2015,37,2050,46.95,2068.53,0.0019,33.85,,,,,,,,,,,,,,
02-11-2015,37,2055,43.6,2068.53,0.0019,35.7,,,,,,,,,,,,,,
02-11-2015,37,2060,40.45,2068.53,0.0019,37.65,,,,,,,,,,,,,,
02-11-2015,37,2065,37.55,2068.53,0.0019,39.8,,,,,,,,,,,,,,
02-11-2015,37,2070,34.4,2068.53,0.0019,41.7,,,,,,,,,,,,,,
02-11-2015,37,2075,31.55,2068.53,0.0019,43.85,,,,,,,,,,,,,,
02-11-2015,37,2080,28.6,2068.53,0.0019,46.15,,,,,,,,,,,,,,
02-11-2015,37,2085,26.05,2068.53,0.0019,48.45,,,,,,,,,,,,,,
02-11-2015,37,2090,23.55,2068.53,0.0019,50.85,,,,,,,,,,,,,,
02-11-2015,37,2095,21.25,2068.53,0.0019,53.55,,,,,,,,,,,,,,
02-11-2015,37,2100,19.1,2068.53,0.0019,56.2,,,,,,,,,,,,,,
02-11-2015,37,2105,17,2068.53,0.0019,59.15,,,,,,,,,,,,,,
02-11-2015,37,2110,15,2068.53,0.0019,62.25,,,,,,,,,,,,,,
02-11-2015,37,2115,13.2,2068.53,0.0019,65.4,,,,,,,,,,,,,,
02-11-2015,37,2120,11.55,2068.53,0.0019,68.75,,,,,,,,,,,,,,
02-11-2015,37,2125,9.95,2068.53,0.0019,72.15,,,,,,,,,,,,,,
02-11-2015,37,2130,8.65,2068.53,0.0019,75.75,,,,,,,,,,,,,,
02-11-2015,37,2135,7.35,2068.53,0.0019,79.55,,,,,,,,,,,,,,
02-11-2015,37,2140,6.2,2068.53,0.0019,83.4,,,,,,,,,,,,,,
02-11-2015,37,2145,5.25,2068.53,0.0019,87.25,,,,,,,,,,,,,,
02-11-2015,37,2150,4.45,2068.53,0.0019,91.3,,,,,,,,,,,,,,
02-11-2015,37,2155,3.75,2068.53,0.0019,95.75,,,,,,,,,,,,,,
02-11-2015,37,2160,3.2,2068.53,0.0019,100.15,,,,,,,,,,,,,,
02-11-2015,37,2165,2.7,2068.53,0.0019,104.65,,,,,,,,,,,,,,
02-11-2015,37,2170,2.275,2068.53,0.0019,108.85,,,,,,,,,,,,,,
02-11-2015,37,2175,1.85,2068.53,0.0019,113.7,,,,,,,,,,,,,,
02-11-2015,37,2180,1.525,2068.53,0.0019,118.45,,,,,,,,,,,,,,
02-12-2015,15,1990,98.85,2088.48,0.0015,2.8,50.825,,,,,,,,,,,,,
02-12-2015,15,1995,94.1,2088.48,0.0015,3.075,48.5875,,,,,,,,,,,,,
02-12-2015,15,2000,89.4,2088.48,0.0015,3.4,46.4,,,,,,,,,,,,,
02-12-2015,15,2005,84.7,2088.48,0.0015,3.65,44.175,,,,,,,,,,,,,
02-12-2015,15,2010,80.05,2088.48,0.0015,4.05,42.05,,,,,,,,,,,,,
02-12-2015,15,2015,75.45,2088.48,0.0015,4.45,39.95,,,,,,,,,,,,,
02-12-2015,15,2020,70.9,2088.48,0.0015,4.95,37.925,,,,,,,,,,,,,
02-12-2015,15,2025,66.4,2088.48,0.0015,5.4,35.9,,,,,,,,,,,,,
02-12-2015,15,2030,61.95,2088.48,0.0015,6,33.975,,,,,,,,,,,,,
02-12-2015,15,2035,57.65,2088.48,0.0015,6.7,32.175,,,,,,,,,,,,,
02-12-2015,15,2040,53.35,2088.48,0.0015,7.4,30.375,,,,,,,,,,,,,
02-12-2015,15,2045,49.25,2088.48,0.0015,8.2,28.725,,,,,,,,,,,,,
02-12-2015,15,2050,45.1,2088.48,0.0015,9.15,27.125,,,,,,,,,,,,,
02-12-2015,15,2055,41.05,2088.48,0.0015,10.15,25.6,,,,,,,,,,,,,
02-12-2015,15,2060,37.2,2088.48,0.0015,11.3,24.25,,,,,,,,,,,,,
02-12-2015,15,2065,33.5,2088.48,0.0015,12.55,23.025,,,,,,,,,,,,,
02-12-2015,15,2070,29.75,2088.48,0.0015,14,21.875,,,,,,,,,,,,,
02-12-2015,15,2075,26.45,2088.48,0.0015,15.5,20.975,,,,,,,,,,,,,
02-12-2015,15,2080,23,2088.48,0.0015,17.25,20.125,,,,,,,,,,,,,
02-12-2015,15,2085,19.95,2088.48,0.0015,19.1,19.525,,,,,,,,,,,,,
02-12-2015,15,2090,16.9,2088.48,0.0015,21.5,19.2,,,,,,,,,,,,,
02-12-2015,15,2095,14.3,2088.48,0.0015,23.5,18.9,,,,,,,,,,,,,
02-12-2015,15,2100,11.85,2088.48,0.0015,26.4,19.125,,,,,,,,,,,,,
02-12-2015,15,2105,9.65,2088.48,0.0015,29.2,19.425,,,,,,,,,,,,,
02-12-2015,15,2110,7.75,2088.48,0.0015,32,19.875,,,,,,,,,,,,,
02-12-2015,15,2115,6.1,2088.48,0.0015,35.6,20.85,,,,,,,,,,,,,
02-12-2015,15,2120,4.7,2088.48,0.0015,39.2,21.95,,,,,,,,,,,,,
02-12-2015,15,2125,3.55,2088.48,0.0015,42.85,23.2,,,,,,,,,,,,,
02-12-2015,15,2130,2.725,2088.48,0.0015,47.05,24.8875,,,,,,,,,,,,,
02-12-2015,15,2135,2.05,2088.48,0.0015,51.4,26.725,,,,,,,,,,,,,
02-12-2015,15,2140,1.575,2088.48,0.0015,55.75,28.6625,,,,,,,,,,,,,
02-12-2015,36,2000,97.65,2088.48,0.0018,14.05,,,,,,,,,,,,,,
02-12-2015,36,2005,93.4,2088.48,0.0018,14.7,,,,,,,,,,,,,,
02-12-2015,36,2010,89.2,2088.48,0.0018,15.6,,,,,,,,,,,,,,
02-12-2015,36,2015,85.15,2088.48,0.0018,16.4,,,,,,,,,,,,,,
02-12-2015,36,2020,80.95,2088.48,0.0018,17.15,,,,,,,,,,,,,,
02-12-2015,36,2025,76.95,2088.48,0.0018,18.05,,,,,,,,,,,,,,
02-12-2015,36,2030,72.95,2088.48,0.0018,19.1,,,,,,,,,,,,,,
02-12-2015,36,2035,69.05,2088.48,0.0018,20.1,,,,,,,,,,,,,,
02-12-2015,36,2040,65,2088.48,0.0018,21.25,,,,,,,,,,,,,,
02-12-2015,36,2045,61.35,2088.48,0.0018,22.45,,,,,,,,,,,,,,
02-12-2015,36,2050,57.55,2088.48,0.0018,23.5,,,,,,,,,,,,,,
02-12-2015,36,2055,53.9,2088.48,0.0018,25.1,,,,,,,,,,,,,,
02-12-2015,36,2060,50.35,2088.48,0.0018,26.55,,,,,,,,,,,,,,
02-12-2015,36,2065,46.85,2088.48,0.0018,28.05,,,,,,,,,,,,,,
02-12-2015,36,2070,43.75,2088.48,0.0018,29.6,,,,,,,,,,,,,,
02-12-2015,36,2075,40.1,2088.48,0.0018,31.2,,,,,,,,,,,,,,
02-12-2015,36,2080,36.85,2088.48,0.0018,33,,,,,,,,,,,,,,
02-12-2015,36,2085,33.65,2088.48,0.0018,35.1,,,,,,,,,,,,,,
02-12-2015,36,2090,30.85,2088.48,0.0018,36.85,,,,,,,,,,,,,,
02-12-2015,36,2095,28.05,2088.48,0.0018,39.15,,,,,,,,,,,,,,
02-12-2015,36,2100,25,2088.48,0.0018,41.4,,,,,,,,,,,,,,
02-12-2015,36,2105,22.7,2088.48,0.0018,43.85,,,,,,,,,,,,,,
02-12-2015,36,2110,20.25,2088.48,0.0018,46.3,,,,,,,,,,,,,,
02-12-2015,36,2115,17.9,2088.48,0.0018,49,,,,,,,,,,,,,,
02-12-2015,36,2120,15.85,2088.48,0.0018,51.8,,,,,,,,,,,,,,
02-12-2015,36,2125,13.75,2088.48,0.0018,54.9,,,,,,,,,,,,,,
02-12-2015,36,2130,12.05,2088.48,0.0018,58.05,,,,,,,,,,,,,,
02-12-2015,36,2135,10.3,2088.48,0.0018,61.3,,,,,,,,,,,,,,
02-12-2015,36,2140,8.85,2088.48,0.0018,64.85,,,,,,,,,,,,,,
02-12-2015,36,2145,7.55,2088.48,0.0018,68.55,,,,,,,,,,,,,,
02-12-2015,36,2150,6.2,2088.48,0.0018,72.45,,,,,,,,,,,,,,
02-12-2015,36,2155,5.25,2088.48,0.0018,76.3,,,,,,,,,,,,,,
02-12-2015,36,2160,4.45,2088.48,0.0018,80.3,,,,,,,,,,,,,,
02-12-2015,36,2165,3.65,2088.48,0.0018,84.65,,,,,,,,,,,,,,
02-12-2015,36,2170,3.225,2088.48,0.0018,88.95,,,,,,,,,,,,,,
02-12-2015,36,2175,2.55,2088.48,0.0018,93.4,,,,,,,,,,,,,,
02-12-2015,36,2180,2.3,2088.48,0.0018,97.8,,,,,,,,,,,,,,
02-12-2015,36,2190,1.55,2088.48,0.0018,107.35,,,,,,,,,,,,,,
2/13/2015,14,2000,97.6,2096.99,0.0015,2.375,,,,,,,,,,,,,,
2/13/2015,14,2005,92.8,2096.99,0.0015,2.6,,,,,,,,,,,,,,
2/13/2015,14,2010,88.05,2096.99,0.0015,2.8,,,,,,,,,,,,,,
2/13/2015,14,2015,83.25,2096.99,0.0015,3.1,,,,,,,,,,,,,,
2/13/2015,14,2020,78.65,2096.99,0.0015,3.35,,,,,,,,,,,,,,
2/13/2015,14,2025,73.8,2096.99,0.0015,3.75,,,,,,,,,,,,,,
2/13/2015,14,2030,69.2,2096.99,0.0015,4.15,,,,,,,,,,,,,,
2/13/2015,14,2035,64.65,2096.99,0.0015,4.55,,,,,,,,,,,,,,
2/13/2015,14,2040,60.2,2096.99,0.0015,5.15,,,,,,,,,,,,,,
2/13/2015,14,2045,55.85,2096.99,0.0015,5.7,,,,,,,,,,,,,,
2/13/2015,14,2050,51.45,2096.99,0.0015,6.35,,,,,,,,,,,,,,
2/13/2015,14,2055,47.2,2096.99,0.0015,7.1,,,,,,,,,,,,,,
2/13/2015,14,2060,43.05,2096.99,0.0015,8,,,,,,,,,,,,,,
2/13/2015,14,2065,39.1,2096.99,0.0015,8.95,,,,,,,,,,,,,,
2/13/2015,14,2070,35.25,2096.99,0.0015,10.05,,,,,,,,,,,,,,
2/13/2015,14,2075,31.4,2096.99,0.0015,11.25,,,,,,,,,,,,,,
2/13/2015,14,2080,27.65,2096.99,0.0015,12.65,,,,,,,,,,,,,,
2/13/2015,14,2085,24.4,2096.99,0.0015,14.25,,,,,,,,,,,,,,
2/13/2015,14,2090,21.15,2096.99,0.0015,15.95,,,,,,,,,,,,,,
2/13/2015,14,2095,18.1,2096.99,0.0015,18.05,,,,,,,,,,,,,,
2/13/2015,14,2100,15.2,2096.99,0.0015,20.5,,,,,,,,,,,,,,
2/13/2015,14,2105,12.6,2096.99,0.0015,22.95,,,,,,,,,,,,,,
2/13/2015,14,2110,10.3,2096.99,0.0015,25.6,,,,,,,,,,,,,,
2/13/2015,14,2115,8.25,2096.99,0.0015,28.65,,,,,,,,,,,,,,
2/13/2015,14,2120,6.5,2096.99,0.0015,31.8,,,,,,,,,,,,,,
2/13/2015,14,2125,5.05,2096.99,0.0015,35.3,,,,,,,,,,,,,,
2/13/2015,14,2130,3.85,2096.99,0.0015,38.9,,,,,,,,,,,,,,
2/13/2015,14,2135,2.95,2096.99,0.0015,43.05,,,,,,,,,,,,,,
2/13/2015,14,2140,2.2,2096.99,0.0015,47.3,,,,,,,,,,,,,,
2/13/2015,14,2145,1.675,2096.99,0.0015,51.8,,,,,,,,,,,,,,
2/13/2015,35,2010,95.85,2096.99,0.0018,13.2,,,,,,,,,,,,,,
2/13/2015,35,2015,91.55,2096.99,0.0018,13.95,,,,,,,,,,,,,,
2/13/2015,35,2020,87.15,2096.99,0.0018,14.75,,,,,,,,,,,,,,
2/13/2015,35,2025,83.05,2096.99,0.0018,15.55,,,,,,,,,,,,,,
2/13/2015,35,2030,79,2096.99,0.0018,16.45,,,,,,,,,,,,,,
2/13/2015,35,2035,74.85,2096.99,0.0018,17.35,,,,,,,,,,,,,,
2/13/2015,35,2040,71,2096.99,0.0018,18.4,,,,,,,,,,,,,,
2/13/2015,35,2045,66.9,2096.99,0.0018,19.45,,,,,,,,,,,,,,
2/13/2015,35,2050,63,2096.99,0.0018,20.35,,,,,,,,,,,,,,
2/13/2015,35,2055,59.15,2096.99,0.0018,21.75,,,,,,,,,,,,,,
2/13/2015,35,2060,55.35,2096.99,0.0018,23,,,,,,,,,,,,,,
2/13/2015,35,2065,51.75,2096.99,0.0018,24.3,,,,,,,,,,,,,,
2/13/2015,35,2070,48.1,2096.99,0.0018,25.7,,,,,,,,,,,,,,
2/13/2015,35,2075,44.75,2096.99,0.0018,26.8,,,,,,,,,,,,,,
2/13/2015,35,2080,41.35,2096.99,0.0018,28.9,,,,,,,,,,,,,,
2/13/2015,35,2085,38,2096.99,0.0018,30.5,,,,,,,,,,,,,,
2/13/2015,35,2090,34.9,2096.99,0.0018,32.25,,,,,,,,,,,,,,
2/13/2015,35,2095,31.75,2096.99,0.0018,33.7,,,,,,,,,,,,,,
2/13/2015,35,2100,29,2096.99,0.0018,36.1,,,,,,,,,,,,,,
2/13/2015,35,2105,25.95,2096.99,0.0018,38.45,,,,,,,,,,,,,,
2/13/2015,35,2110,23.35,2096.99,0.0018,40.7,,,,,,,,,,,,,,
2/13/2015,35,2115,20.8,2096.99,0.0018,42.85,,,,,,,,,,,,,,
2/13/2015,35,2120,18.4,2096.99,0.0018,45.8,,,,,,,,,,,,,,
2/13/2015,35,2125,16.35,2096.99,0.0018,48.55,,,,,,,,,,,,,,
2/13/2015,35,2130,14.15,2096.99,0.0018,51.1,,,,,,,,,,,,,,
2/13/2015,35,2135,12.3,2096.99,0.0018,54.55,,,,,,,,,,,,,,
2/13/2015,35,2140,10.55,2096.99,0.0018,57.85,,,,,,,,,,,,,,
2/13/2015,35,2145,9,2096.99,0.0018,61.2,,,,,,,,,,,,,,
2/13/2015,35,2150,7.5,2096.99,0.0018,64.9,,,,,,,,,,,,,,
2/13/2015,35,2155,6.5,2096.99,0.0018,68.4,,,,,,,,,,,,,,
2/13/2015,35,2160,5.4,2096.99,0.0018,71.75,,,,,,,,,,,,,,
2/13/2015,35,2165,3.8,2096.99,0.0018,74.55,,,,,,,,,,,,,,
2/13/2015,35,2170,3.275,2096.99,0.0018,78.85,,,,,,,,,,,,,,
2/13/2015,35,2175,3.1,2096.99,0.0018,83.3,,,,,,,,,,,,,,
2/13/2015,35,2180,2.275,2096.99,0.0018,89.15,,,,,,,,,,,,,,
2/13/2015,35,2190,1.75,2096.99,0.0018,98.4,,,,,,,,,,,,,,
2/17/2015,17,2005,95.6,2100.34,0.0016,4.75,,,,,,,,,,,,,,
2/17/2015,17,2010,91.05,2100.34,0.0016,5.15,,,,,,,,,,,,,,
2/17/2015,17,2015,86.4,2100.34,0.0016,5.55,,,,,,,,,,,,,,
2/17/2015,17,2020,81.85,2100.34,0.0016,6.05,,,,,,,,,,,,,,
2/17/2015,17,2025,77.35,2100.34,0.0016,6.55,,,,,,,,,,,,,,
2/17/2015,17,2030,72.9,2100.34,0.0016,7.1,,,,,,,,,,,,,,
2/17/2015,17,2035,68.45,2100.34,0.0016,7.7,,,,,,,,,,,,,,
2/17/2015,17,2040,64.2,2100.34,0.0016,8.4,,,,,,,,,,,,,,
2/17/2015,17,2045,59.95,2100.34,0.0016,9.2,,,,,,,,,,,,,,
2/17/2015,17,2050,55.75,2100.34,0.0016,9.9,,,,,,,,,,,,,,
2/17/2015,17,2055,51.6,2100.34,0.0016,10.75,,,,,,,,,,,,,,
2/17/2015,17,2060,47.55,2100.34,0.0016,11.8,,,,,,,,,,,,,,
2/17/2015,17,2065,43.6,2100.34,0.0016,12.75,,,,,,,,,,,,,,
2/17/2015,17,2070,39.85,2100.34,0.0016,14,,,,,,,,,,,,,,
2/17/2015,17,2075,36,2100.34,0.0016,15.3,,,,,,,,,,,,,,
2/17/2015,17,2080,32.35,2100.34,0.0016,16.7,,,,,,,,,,,,,,
2/17/2015,17,2085,29.2,2100.34,0.0016,18.2,,,,,,,,,,,,,,
2/17/2015,17,2090,25.5,2100.34,0.0016,19.85,,,,,,,,,,,,,,
2/17/2015,17,2095,22.5,2100.34,0.0016,21.75,,,,,,,,,,,,,,
2/17/2015,17,2100,19.75,2100.34,0.0016,23.8,,,,,,,,,,,,,,
2/17/2015,17,2105,16.95,2100.34,0.0016,26.2,,,,,,,,,,,,,,
2/17/2015,17,2110,14.45,2100.34,0.0016,28.7,,,,,,,,,,,,,,
2/17/2015,17,2115,12.15,2100.34,0.0016,31.4,,,,,,,,,,,,,,
2/17/2015,17,2120,10.15,2100.34,0.0016,34.3,,,,,,,,,,,,,,
2/17/2015,17,2125,8.3,2100.34,0.0016,37.9,,,,,,,,,,,,,,
2/17/2015,17,2130,6.7,2100.34,0.0016,41.2,,,,,,,,,,,,,,
2/17/2015,17,2135,5.35,2100.34,0.0016,44.8,,,,,,,,,,,,,,
2/17/2015,17,2140,4.2,2100.34,0.0016,48.55,,,,,,,,,,,,,,
2/17/2015,17,2145,3.35,2100.34,0.0016,52.75,,,,,,,,,,,,,,
2/17/2015,17,2150,2.625,2100.34,0.0016,56.7,,,,,,,,,,,,,,
2/17/2015,17,2155,2.05,2100.34,0.0016,61.2,,,,,,,,,,,,,,
2/17/2015,17,2160,1.625,2100.34,0.0016,65.9,,,,,,,,,,,,,,
2/17/2015,38,2015,95.8,2100.34,0.0019,16.25,,,,,,,,,,,,,,
2/17/2015,38,2020,91.65,2100.34,0.0019,17.05,,,,,,,,,,,,,,
2/17/2015,38,2025,87.5,2100.34,0.0019,17.9,,,,,,,,,,,,,,
2/17/2015,38,2030,83.4,2100.34,0.0019,18.75,,,,,,,,,,,,,,
2/17/2015,38,2035,79.2,2100.34,0.0019,19.65,,,,,,,,,,,,,,
2/17/2015,38,2040,75.3,2100.34,0.0019,20.65,,,,,,,,,,,,,,
2/17/2015,38,2045,71.35,2100.34,0.0019,21.75,,,,,,,,,,,,,,
2/17/2015,38,2050,67.45,2100.34,0.0019,22.85,,,,,,,,,,,,,,
2/17/2015,38,2055,63.6,2100.34,0.0019,24.05,,,,,,,,,,,,,,
2/17/2015,38,2060,59.95,2100.34,0.0019,25.25,,,,,,,,,,,,,,
2/17/2015,38,2065,56.15,2100.34,0.0019,26.6,,,,,,,,,,,,,,
2/17/2015,38,2070,52.55,2100.34,0.0019,28.05,,,,,,,,,,,,,,
2/17/2015,38,2075,49,2100.34,0.0019,29.45,,,,,,,,,,,,,,
2/17/2015,38,2080,45.8,2100.34,0.0019,31.05,,,,,,,,,,,,,,
2/17/2015,38,2085,42.25,2100.34,0.0019,32.65,,,,,,,,,,,,,,
2/17/2015,38,2090,39.1,2100.34,0.0019,34.35,,,,,,,,,,,,,,
2/17/2015,38,2095,35.9,2100.34,0.0019,36.25,,,,,,,,,,,,,,
2/17/2015,38,2100,32.9,2100.34,0.0019,38.25,,,,,,,,,,,,,,
2/17/2015,38,2105,29.95,2100.34,0.0019,40.4,,,,,,,,,,,,,,
2/17/2015,38,2110,27.2,2100.34,0.0019,42.5,,,,,,,,,,,,,,
2/17/2015,38,2115,24.55,2100.34,0.0019,44.9,,,,,,,,,,,,,,
2/17/2015,38,2120,22.05,2100.34,0.0019,47.3,,,,,,,,,,,,,,
2/17/2015,38,2125,19.75,2100.34,0.0019,50,,,,,,,,,,,,,,
2/17/2015,38,2130,17.45,2100.34,0.0019,53.45,,,,,,,,,,,,,,
2/17/2015,38,2135,15.35,2100.34,0.0019,55.8,,,,,,,,,,,,,,
2/17/2015,38,2140,13.5,2100.34,0.0019,59.5,,,,,,,,,,,,,,
2/17/2015,38,2145,11.7,2100.34,0.0019,62.05,,,,,,,,,,,,,,
2/17/2015,38,2150,10.1,2100.34,0.0019,65.4,,,,,,,,,,,,,,
2/17/2015,38,2155,8.7,2100.34,0.0019,69.65,,,,,,,,,,,,,,
2/17/2015,38,2160,7.45,2100.34,0.0019,73.35,,,,,,,,,,,,,,
2/17/2015,38,2165,6.3,2100.34,0.0019,76.8,,,,,,,,,,,,,,
2/17/2015,38,2170,5.35,2100.34,0.0019,80.9,,,,,,,,,,,,,,
2/17/2015,38,2175,4.5,2100.34,0.0019,85,,,,,,,,,,,,,,
2/17/2015,38,2180,3.8,2100.34,0.0019,89.6,,,,,,,,,,,,,,
2/17/2015,38,2185,3.2,2100.34,0.0019,93.7,,,,,,,,,,,,,,
2/17/2015,38,2190,2.7,2100.34,0.0019,98.2,,,,,,,,,,,,,,
2/17/2015,38,2195,2.3,2100.34,0.0019,103.6,,,,,,,,,,,,,,
2/17/2015,38,2200,1.975,2100.34,0.0019,107.65,,,,,,,,,,,,,,
2/17/2015,38,2205,1.7,2100.34,0.0019,112.3,,,,,,,,,,,,,,
2/18/2015,16,2005,95.65,2099.68,0.0016,3.8,,,,,,,,,,,,,,
2/18/2015,16,2010,90.8,2099.68,0.0016,4.15,,,,,,,,,,,,,,
2/18/2015,16,2015,86.15,2099.68,0.0016,4.5,,,,,,,,,,,,,,
2/18/2015,16,2020,81.55,2099.68,0.0016,4.8,,,,,,,,,,,,,,
2/18/2015,16,2025,77.15,2099.68,0.0016,5.35,,,,,,,,,,,,,,
2/18/2015,16,2030,72.65,2099.68,0.0016,5.75,,,,,,,,,,,,,,
2/18/2015,16,2035,68,2099.68,0.0016,6.25,,,,,,,,,,,,,,
2/18/2015,16,2040,63.6,2099.68,0.0016,6.9,,,,,,,,,,,,,,
2/18/2015,16,2045,59.25,2099.68,0.0016,7.55,,,,,,,,,,,,,,
2/18/2015,16,2050,55,2099.68,0.0016,8.25,,,,,,,,,,,,,,
2/18/2015,16,2055,50.8,2099.68,0.0016,9,,,,,,,,,,,,,,
2/18/2015,16,2060,46.7,2099.68,0.0016,9.9,,,,,,,,,,,,,,
2/18/2015,16,2065,42.65,2099.68,0.0016,10.9,,,,,,,,,,,,,,
2/18/2015,16,2070,38.75,2099.68,0.0016,12,,,,,,,,,,,,,,
2/18/2015,16,2075,34.95,2099.68,0.0016,13.15,,,,,,,,,,,,,,
2/18/2015,16,2080,31.4,2099.68,0.0016,14.5,,,,,,,,,,,,,,
2/18/2015,16,2085,27.9,2099.68,0.0016,16,,,,,,,,,,,,,,
2/18/2015,16,2090,24.6,2099.68,0.0016,17.75,,,,,,,,,,,,,,
2/18/2015,16,2095,21.4,2099.68,0.0016,19.55,,,,,,,,,,,,,,
2/18/2015,16,2100,18.55,2099.68,0.0016,21.6,,,,,,,,,,,,,,
2/18/2015,16,2105,15.75,2099.68,0.0016,24,,,,,,,,,,,,,,
2/18/2015,16,2110,13.2,2099.68,0.0016,26.4,,,,,,,,,,,,,,
2/18/2015,16,2115,10.95,2099.68,0.0016,29.15,,,,,,,,,,,,,,
2/18/2015,16,2120,8.9,2099.68,0.0016,32.1,,,,,,,,,,,,,,
2/18/2015,16,2125,7.15,2099.68,0.0016,35.55,,,,,,,,,,,,,,
2/18/2015,16,2130,5.65,2099.68,0.0016,38.85,,,,,,,,,,,,,,
2/18/2015,16,2135,4.35,2099.68,0.0016,42.55,,,,,,,,,,,,,,
2/18/2015,16,2140,3.35,2099.68,0.0016,46.65,,,,,,,,,,,,,,
2/18/2015,16,2145,2.6,2099.68,0.0016,50.9,,,,,,,,,,,,,,
2/18/2015,16,2150,1.95,2099.68,0.0016,55.3,,,,,,,,,,,,,,
2/18/2015,37,2015,95.7,2099.68,0.0019,15.05,,,,,,,,,,,,,,
2/18/2015,37,2020,91.7,2099.68,0.0019,15.8,,,,,,,,,,,,,,
2/18/2015,37,2025,87.4,2099.68,0.0019,16.65,,,,,,,,,,,,,,
2/18/2015,37,2030,83.2,2099.68,0.0019,17.5,,,,,,,,,,,,,,
2/18/2015,37,2035,79,2099.68,0.0019,18.45,,,,,,,,,,,,,,
2/18/2015,37,2040,75.3,2099.68,0.0019,19.4,,,,,,,,,,,,,,
2/18/2015,37,2045,71.15,2099.68,0.0019,20.4,,,,,,,,,,,,,,
2/18/2015,37,2050,67.35,2099.68,0.0019,21.55,,,,,,,,,,,,,,
2/18/2015,37,2055,63.4,2099.68,0.0019,22.7,,,,,,,,,,,,,,
2/18/2015,37,2060,59.85,2099.68,0.0019,23.95,,,,,,,,,,,,,,
2/18/2015,37,2065,56.1,2099.68,0.0019,25.4,,,,,,,,,,,,,,
2/18/2015,37,2070,52.3,2099.68,0.0019,26.75,,,,,,,,,,,,,,
2/18/2015,37,2075,48.6,2099.68,0.0019,28.2,,,,,,,,,,,,,,
2/18/2015,37,2080,45.3,2099.68,0.0019,29.65,,,,,,,,,,,,,,
2/18/2015,37,2085,42.05,2099.68,0.0019,31.3,,,,,,,,,,,,,,
2/18/2015,37,2090,38.75,2099.68,0.0019,33,,,,,,,,,,,,,,
2/18/2015,37,2095,35.55,2099.68,0.0019,35.05,,,,,,,,,,,,,,
2/18/2015,37,2100,32.55,2099.68,0.0019,36.85,,,,,,,,,,,,,,
2/18/2015,37,2105,29.4,2099.68,0.0019,38.9,,,,,,,,,,,,,,
2/18/2015,37,2110,26.8,2099.68,0.0019,41.1,,,,,,,,,,,,,,
2/18/2015,37,2115,24.2,2099.68,0.0019,43.45,,,,,,,,,,,,,,
2/18/2015,37,2120,21.7,2099.68,0.0019,45.95,,,,,,,,,,,,,,
2/18/2015,37,2125,19.15,2099.68,0.0019,49.25,,,,,,,,,,,,,,
2/18/2015,37,2130,16.9,2099.68,0.0019,52.05,,,,,,,,,,,,,,
2/18/2015,37,2135,14.95,2099.68,0.0019,55,,,,,,,,,,,,,,
2/18/2015,37,2140,13.15,2099.68,0.0019,57.45,,,,,,,,,,,,,,
2/18/2015,37,2145,11.3,2099.68,0.0019,61.3,,,,,,,,,,,,,,
2/18/2015,37,2150,9.65,2099.68,0.0019,64.7,,,,,,,,,,,,,,
2/18/2015,37,2155,8.25,2099.68,0.0019,68.25,,,,,,,,,,,,,,
2/18/2015,37,2160,7,2099.68,0.0019,71.95,,,,,,,,,,,,,,
2/18/2015,37,2165,5.85,2099.68,0.0019,75.65,,,,,,,,,,,,,,
2/18/2015,37,2170,4.95,2099.68,0.0019,80.05,,,,,,,,,,,,,,
2/18/2015,37,2175,4.15,2099.68,0.0019,83.95,,,,,,,,,,,,,,
2/18/2015,37,2180,3.45,2099.68,0.0019,88.6,,,,,,,,,,,,,,
2/18/2015,37,2185,2.9,2099.68,0.0019,92.7,,,,,,,,,,,,,,
2/18/2015,37,2190,2.4,2099.68,0.0019,97.2,,,,,,,,,,,,,,
2/18/2015,37,2195,2.025,2099.68,0.0019,101.9,,,,,,,,,,,,,,
2/18/2015,37,2200,1.725,2099.68,0.0019,106.7,,,,,,,,,,,,,,
2/19/2015,15,2000,97.8,2097.45,0.0015,3.2,50.5,,,,,,,,,,,,,
2/19/2015,15,2005,93.05,2097.45,0.0015,3.45,48.25,,,,,,,,,,,,,
2/19/2015,15,2010,88.35,2097.45,0.0015,3.7,46.025,,,,,,,,,,,,,
2/19/2015,15,2015,83.75,2097.45,0.0015,4.05,43.9,,,,,,,,,,,,,
2/19/2015,15,2020,79.1,2097.45,0.0015,4.4,41.75,,,,,,,,,,,,,
2/19/2015,15,2025,74.5,2097.45,0.0015,4.8,39.65,,,,,,,,,,,,,
2/19/2015,15,2030,69.95,2097.45,0.0015,5.2,37.575,,,,,,,,,,,,,
2/19/2015,15,2035,65.35,2097.45,0.0015,5.7,35.525,,,,,,,,,,,,,
2/19/2015,15,2040,61,2097.45,0.0015,6.25,33.625,,,,,,,,,,,,,
2/19/2015,15,2045,56.6,2097.45,0.0015,6.85,31.725,,,,,,,,,,,,,
2/19/2015,15,2050,52.25,2097.45,0.0015,7.55,29.9,,,,,,,,,,,,,
2/19/2015,15,2055,48.05,2097.45,0.0015,8.35,28.2,,,,,,,,,,,,,
2/19/2015,15,2060,43.9,2097.45,0.0015,9.15,26.525,,,,,,,,,,,,,
2/19/2015,15,2065,39.9,2097.45,0.0015,10.15,25.025,,,,,,,,,,,,,
2/19/2015,15,2070,36,2097.45,0.0015,11.2,23.6,,,,,,,,,,,,,
2/19/2015,15,2075,32.15,2097.45,0.0015,12.5,22.325,,,,,,,,,,,,,
2/19/2015,15,2080,28.45,2097.45,0.0015,13.8,21.125,,,,,,,,,,,,,
2/19/2015,15,2085,25.05,2097.45,0.0015,15.35,20.2,,,,,,,,,,,,,
2/19/2015,15,2090,21.7,2097.45,0.0015,17.05,19.375,,,,,,,,,,,,,
2/19/2015,15,2095,18.45,2097.45,0.0015,18.85,18.65,,,,,,,,,,,,,
2/19/2015,15,2100,15.55,2097.45,0.0015,21.1,18.325,,,,,,,,,,,,,
2/19/2015,15,2105,13,2097.45,0.0015,23.5,18.25,,,,,,,,,,,,,
2/19/2015,15,2110,10.6,2097.45,0.0015,26.1,18.35,,,,,,,,,,,,,
2/19/2015,15,2115,8.45,2097.45,0.0015,29,18.725,,,,,,,,,,,,,
2/19/2015,15,2120,6.65,2097.45,0.0015,32.15,19.4,,,,,,,,,,,,,
2/19/2015,15,2125,5.15,2097.45,0.0015,35.55,20.35,,,,,,,,,,,,,
2/19/2015,15,2130,3.9,2097.45,0.0015,39.25,21.575,,,,,,,,,,,,,
2/19/2015,15,2135,2.975,2097.45,0.0015,43.15,23.0625,,,,,,,,,,,,,
2/19/2015,15,2140,2.225,2097.45,0.0015,47.4,24.8125,,,,,,,,,,,,,
2/19/2015,15,2145,1.675,2097.45,0.0015,51.9,26.7875,,,,,,,,,,,,,
2/19/2015,36,2010,96.95,2097.45,0.0019,13.65,,,,,,,,,,,,,,
2/19/2015,36,2015,92.7,2097.45,0.0019,14.5,,,,,,,,,,,,,,
2/19/2015,36,2020,88.5,2097.45,0.0019,15.25,,,,,,,,,,,,,,
2/19/2015,36,2025,84.3,2097.45,0.0019,16.1,,,,,,,,,,,,,,
2/19/2015,36,2030,80.15,2097.45,0.0019,17,,,,,,,,,,,,,,
2/19/2015,36,2035,76.15,2097.45,0.0019,17.85,,,,,,,,,,,,,,
2/19/2015,36,2040,72.15,2097.45,0.0019,18.9,,,,,,,,,,,,,,
2/19/2015,36,2045,68.15,2097.45,0.0019,19.95,,,,,,,,,,,,,,
2/19/2015,36,2050,64.15,2097.45,0.0019,21.05,,,,,,,,,,,,,,
2/19/2015,36,2055,60.45,2097.45,0.0019,22.2,,,,,,,,,,,,,,
2/19/2015,36,2060,56.6,2097.45,0.0019,23.35,,,,,,,,,,,,,,
2/19/2015,36,2065,53,2097.45,0.0019,24.7,,,,,,,,,,,,,,
2/19/2015,36,2070,49.4,2097.45,0.0019,26,,,,,,,,,,,,,,
2/19/2015,36,2075,45.85,2097.45,0.0019,27.5,,,,,,,,,,,,,,
2/19/2015,36,2080,42.45,2097.45,0.0019,29.1,,,,,,,,,,,,,,
2/19/2015,36,2085,39.15,2097.45,0.0019,30.7,,,,,,,,,,,,,,
2/19/2015,36,2090,35.9,2097.45,0.0019,32.45,,,,,,,,,,,,,,
2/19/2015,36,2095,32.8,2097.45,0.0019,34.65,,,,,,,,,,,,,,
2/19/2015,36,2100,29.7,2097.45,0.0019,36.65,,,,,,,,,,,,,,
2/19/2015,36,2105,26.85,2097.45,0.0019,38.8,,,,,,,,,,,,,,
2/19/2015,36,2110,24.25,2097.45,0.0019,41.1,,,,,,,,,,,,,,
2/19/2015,36,2115,21.65,2097.45,0.0019,43.5,,,,,,,,,,,,,,
2/19/2015,36,2120,19.2,2097.45,0.0019,46.15,,,,,,,,,,,,,,
2/19/2015,36,2125,17.15,2097.45,0.0019,48.55,,,,,,,,,,,,,,
2/19/2015,36,2130,15.05,2097.45,0.0019,51.55,,,,,,,,,,,,,,
2/19/2015,36,2135,13.05,2097.45,0.0019,54.7,,,,,,,,,,,,,,
2/19/2015,36,2140,11.3,2097.45,0.0019,57.9,,,,,,,,,,,,,,
2/19/2015,36,2145,9.7,2097.45,0.0019,61.25,,,,,,,,,,,,,,
2/19/2015,36,2150,8.25,2097.45,0.0019,64.8,,,,,,,,,,,,,,
2/19/2015,36,2155,7,2097.45,0.0019,68.6,,,,,,,,,,,,,,
2/19/2015,36,2160,5.9,2097.45,0.0019,72.55,,,,,,,,,,,,,,
2/19/2015,36,2165,4.9,2097.45,0.0019,76.2,,,,,,,,,,,,,,
2/19/2015,36,2170,4.1,2097.45,0.0019,80.45,,,,,,,,,,,,,,
2/19/2015,36,2175,3.45,2097.45,0.0019,84.75,,,,,,,,,,,,,,
2/19/2015,36,2180,2.85,2097.45,0.0019,89.2,,,,,,,,,,,,,,
2/19/2015,36,2185,2.4,2097.45,0.0019,93.7,,,,,,,,,,,,,,
2/19/2015,36,2190,2.025,2097.45,0.0019,98.35,,,,,,,,,,,,,,
2/19/2015,36,2195,1.7,2097.45,0.0019,103.05,,,,,,,,,,,,,,
2/20/2015,14,2010,99.85,2110.3,0.0015,2.275,,,,,,,,,,,,,,
2/20/2015,14,2015,95.05,2110.3,0.0015,2.475,,,,,,,,,,,,,,
2/20/2015,14,2020,90.25,2110.3,0.0015,2.675,,,,,,,,,,,,,,
2/20/2015,14,2025,85.5,2110.3,0.0015,2.9,,,,,,,,,,,,,,
2/20/2015,14,2030,80.75,2110.3,0.0015,3.15,,,,,,,,,,,,,,
2/20/2015,14,2035,76.05,2110.3,0.0015,3.45,,,,,,,,,,,,,,
2/20/2015,14,2040,71.35,2110.3,0.0015,3.8,,,,,,,,,,,,,,
2/20/2015,14,2045,66.75,2110.3,0.0015,4.2,,,,,,,,,,,,,,
2/20/2015,14,2050,62.2,2110.3,0.0015,4.6,,,,,,,,,,,,,,
2/20/2015,14,2055,57.7,2110.3,0.0015,5.15,,,,,,,,,,,,,,
2/20/2015,14,2060,53.35,2110.3,0.0015,5.75,,,,,,,,,,,,,,
2/20/2015,14,2065,49,2110.3,0.0015,6.35,,,,,,,,,,,,,,
2/20/2015,14,2070,44.8,2110.3,0.0015,7.1,,,,,,,,,,,,,,
2/20/2015,14,2075,40.65,2110.3,0.0015,8,,,,,,,,,,,,,,
2/20/2015,14,2080,36.5,2110.3,0.0015,8.85,,,,,,,,,,,,,,
2/20/2015,14,2085,32.85,2110.3,0.0015,10.05,,,,,,,,,,,,,,
2/20/2015,14,2090,29.15,2110.3,0.0015,11.3,,,,,,,,,,,,,,
2/20/2015,14,2095,25.4,2110.3,0.0015,12.75,,,,,,,,,,,,,,
2/20/2015,14,2100,21.95,2110.3,0.0015,14.35,,,,,,,,,,,,,,
2/20/2015,14,2105,18.85,2110.3,0.0015,16.5,,,,,,,,,,,,,,
2/20/2015,14,2110,16.05,2110.3,0.0015,18.7,,,,,,,,,,,,,,
2/20/2015,14,2115,13.35,2110.3,0.0015,20.9,,,,,,,,,,,,,,
2/20/2015,14,2120,10.85,2110.3,0.0015,23.45,,,,,,,,,,,,,,
2/20/2015,14,2125,8.75,2110.3,0.0015,26.4,,,,,,,,,,,,,,
2/20/2015,14,2130,6.9,2110.3,0.0015,29.6,,,,,,,,,,,,,,
2/20/2015,14,2135,5.35,2110.3,0.0015,33,,,,,,,,,,,,,,
2/20/2015,14,2140,4.15,2110.3,0.0015,36.75,,,,,,,,,,,,,,
2/20/2015,14,2145,3.075,2110.3,0.0015,40.8,,,,,,,,,,,,,,
2/20/2015,14,2150,2.325,2110.3,0.0015,44.8,,,,,,,,,,,,,,
2/20/2015,14,2155,1.775,2110.3,0.0015,49.4,,,,,,,,,,,,,,
2/20/2015,35,2020,97.65,2110.3,0.0019,11.7,,,,,,,,,,,,,,
2/20/2015,35,2025,93.25,2110.3,0.0019,12.35,,,,,,,,,,,,,,
2/20/2015,35,2030,88.95,2110.3,0.0019,13.1,,,,,,,,,,,,,,
2/20/2015,35,2035,84.8,2110.3,0.0019,13.85,,,,,,,,,,,,,,
2/20/2015,35,2040,80.4,2110.3,0.0019,14.65,,,,,,,,,,,,,,
2/20/2015,35,2045,76.45,2110.3,0.0019,15.5,,,,,,,,,,,,,,
2/20/2015,35,2050,72.35,2110.3,0.0019,16.4,,,,,,,,,,,,,,
2/20/2015,35,2055,68.3,2110.3,0.0019,17.4,,,,,,,,,,,,,,
2/20/2015,35,2060,64.3,2110.3,0.0019,18.4,,,,,,,,,,,,,,
2/20/2015,35,2065,60.5,2110.3,0.0019,19.6,,,,,,,,,,,,,,
2/20/2015,35,2070,56.65,2110.3,0.0019,20.7,,,,,,,,,,,,,,
2/20/2015,35,2075,52.95,2110.3,0.0019,22,,,,,,,,,,,,,,
2/20/2015,35,2080,49.3,2110.3,0.0019,23.3,,,,,,,,,,,,,,
2/20/2015,35,2085,45.75,2110.3,0.0019,24.7,,,,,,,,,,,,,,
2/20/2015,35,2090,42.05,2110.3,0.0019,26,,,,,,,,,,,,,,
2/20/2015,35,2095,38.85,2110.3,0.0019,27.9,,,,,,,,,,,,,,
2/20/2015,35,2100,35.55,2110.3,0.0019,29.6,,,,,,,,,,,,,,
2/20/2015,35,2105,32.4,2110.3,0.0019,31.25,,,,,,,,,,,,,,
2/20/2015,35,2110,29.35,2110.3,0.0019,33.2,,,,,,,,,,,,,,
2/20/2015,35,2115,26.45,2110.3,0.0019,35.35,,,,,,,,,,,,,,
2/20/2015,35,2120,23.7,2110.3,0.0019,37.6,,,,,,,,,,,,,,
2/20/2015,35,2125,21.1,2110.3,0.0019,40.05,,,,,,,,,,,,,,
2/20/2015,35,2130,18.65,2110.3,0.0019,42.8,,,,,,,,,,,,,,
2/20/2015,35,2135,16.3,2110.3,0.0019,45.15,,,,,,,,,,,,,,
2/20/2015,35,2140,14.2,2110.3,0.0019,48.3,,,,,,,,,,,,,,
2/20/2015,35,2145,12.3,2110.3,0.0019,51.15,,,,,,,,,,,,,,
2/20/2015,35,2150,10.55,2110.3,0.0019,54.7,,,,,,,,,,,,,,
2/20/2015,35,2155,8.95,2110.3,0.0019,57.85,,,,,,,,,,,,,,
2/20/2015,35,2160,7.6,2110.3,0.0019,61.45,,,,,,,,,,,,,,
2/20/2015,35,2165,6.4,2110.3,0.0019,65.5,,,,,,,,,,,,,,
2/20/2015,35,2170,5.35,2110.3,0.0019,69.5,,,,,,,,,,,,,,
2/20/2015,35,2175,4.45,2110.3,0.0019,73.6,,,,,,,,,,,,,,
2/20/2015,35,2180,3.8,2110.3,0.0019,77.95,,,,,,,,,,,,,,
2/20/2015,35,2185,3.175,2110.3,0.0019,82.2,,,,,,,,,,,,,,
2/20/2015,35,2190,2.65,2110.3,0.0019,86.7,,,,,,,,,,,,,,
2/20/2015,35,2195,2.25,2110.3,0.0019,91.3,,,,,,,,,,,,,,
2/20/2015,35,2200,1.925,2110.3,0.0019,95.8,,,,,,,,,,,,,,
2/20/2015,35,2205,1.675,2110.3,0.0019,100.7,,,,,,,,,,,,,,
2/23/2015,18,2010,98.95,2109.66,0.0016,3.5,,,,,,,,,,,,,,
2/23/2015,18,2015,94.1,2109.66,0.0016,3.8,,,,,,,,,,,,,,
2/23/2015,18,2020,89.4,2109.66,0.0016,4.1,,,,,,,,,,,,,,
2/23/2015,18,2025,84.8,2109.66,0.0016,4.45,,,,,,,,,,,,,,
2/23/2015,18,2030,80.25,2109.66,0.0016,4.85,,,,,,,,,,,,,,
2/23/2015,18,2035,75.6,2109.66,0.0016,5.25,,,,,,,,,,,,,,
2/23/2015,18,2040,71.1,2109.66,0.0016,5.75,,,,,,,,,,,,,,
2/23/2015,18,2045,66.65,2109.66,0.0016,6.25,,,,,,,,,,,,,,
2/23/2015,18,2050,62.25,2109.66,0.0016,6.85,,,,,,,,,,,,,,
2/23/2015,18,2055,57.8,2109.66,0.0016,7.45,,,,,,,,,,,,,,
2/23/2015,18,2060,53.6,2109.66,0.0016,8.2,,,,,,,,,,,,,,
2/23/2015,18,2065,49.5,2109.66,0.0016,9,,,,,,,,,,,,,,
2/23/2015,18,2070,45.4,2109.66,0.0016,9.9,,,,,,,,,,,,,,
2/23/2015,18,2075,41.2,2109.66,0.0016,10.85,,,,,,,,,,,,,,
2/23/2015,18,2080,37.4,2109.66,0.0016,11.95,,,,,,,,,,,,,,
2/23/2015,18,2085,33.7,2109.66,0.0016,13.15,,,,,,,,,,,,,,
2/23/2015,18,2090,30.25,2109.66,0.0016,14.6,,,,,,,,,,,,,,
2/23/2015,18,2095,26.7,2109.66,0.0016,16.1,,,,,,,,,,,,,,
2/23/2015,18,2100,23.65,2109.66,0.0016,17.85,,,,,,,,,,,,,,
2/23/2015,18,2105,20.6,2109.66,0.0016,19.75,,,,,,,,,,,,,,
2/23/2015,18,2110,17.65,2109.66,0.0016,21.9,,,,,,,,,,,,,,
2/23/2015,18,2115,14.9,2109.66,0.0016,24.35,,,,,,,,,,,,,,
2/23/2015,18,2120,12.55,2109.66,0.0016,26.85,,,,,,,,,,,,,,
2/23/2015,18,2125,10.3,2109.66,0.0016,29.8,,,,,,,,,,,,,,
2/23/2015,18,2130,8.3,2109.66,0.0016,32.7,,,,,,,,,,,,,,
2/23/2015,18,2135,6.65,2109.66,0.0016,36.2,,,,,,,,,,,,,,
2/23/2015,18,2140,5.2,2109.66,0.0016,39.9,,,,,,,,,,,,,,
2/23/2015,18,2145,4.05,2109.66,0.0016,43.65,,,,,,,,,,,,,,
2/23/2015,18,2150,3.1,2109.66,0.0016,47.4,,,,,,,,,,,,,,
2/23/2015,18,2155,2.425,2109.66,0.0016,51.95,,,,,,,,,,,,,,
2/23/2015,18,2160,1.875,2109.66,0.0016,56.2,,,,,,,,,,,,,,
2/23/2015,36,2020,97,2109.66,0.002,11.85,,,,,,,,,,,,,,
2/23/2015,36,2025,92.7,2109.66,0.002,12.55,,,,,,,,,,,,,,
2/23/2015,36,2030,88.35,2109.66,0.002,13.25,,,,,,,,,,,,,,
2/23/2015,36,2035,84.15,2109.66,0.002,14.05,,,,,,,,,,,,,,
2/23/2015,36,2040,79.9,2109.66,0.002,14.85,,,,,,,,,,,,,,
2/23/2015,36,2045,75.8,2109.66,0.002,15.75,,,,,,,,,,,,,,
2/23/2015,36,2050,71.8,2109.66,0.002,16.65,,,,,,,,,,,,,,
2/23/2015,36,2055,67.75,2109.66,0.002,17.65,,,,,,,,,,,,,,
2/23/2015,36,2060,63.85,2109.66,0.002,18.75,,,,,,,,,,,,,,
2/23/2015,36,2065,59.9,2109.66,0.002,19.85,,,,,,,,,,,,,,
2/23/2015,36,2070,56.55,2109.66,0.002,21.05,,,,,,,,,,,,,,
2/23/2015,36,2075,52.75,2109.66,0.002,22.4,,,,,,,,,,,,,,
2/23/2015,36,2080,49.15,2109.66,0.002,23.7,,,,,,,,,,,,,,
2/23/2015,36,2085,45.55,2109.66,0.002,25.15,,,,,,,,,,,,,,
2/23/2015,36,2090,42.05,2109.66,0.002,26.7,,,,,,,,,,,,,,
2/23/2015,36,2095,38.65,2109.66,0.002,28.3,,,,,,,,,,,,,,
2/23/2015,36,2100,35.45,2109.66,0.002,30.05,,,,,,,,,,,,,,
2/23/2015,36,2105,32.3,2109.66,0.002,31.9,,,,,,,,,,,,,,
2/23/2015,36,2110,29.25,2109.66,0.002,34.3,,,,,,,,,,,,,,
2/23/2015,36,2115,26.4,2109.66,0.002,36.55,,,,,,,,,,,,,,
2/23/2015,36,2120,23.6,2109.66,0.002,38.85,,,,,,,,,,,,,,
2/23/2015,36,2125,21,2109.66,0.002,41.1,,,,,,,,,,,,,,
2/23/2015,36,2130,18.55,2109.66,0.002,43.25,,,,,,,,,,,,,,
2/23/2015,36,2135,16.3,2109.66,0.002,46.65,,,,,,,,,,,,,,
2/23/2015,36,2140,14.2,2109.66,0.002,49.5,,,,,,,,,,,,,,
2/23/2015,36,2145,12.25,2109.66,0.002,52.5,,,,,,,,,,,,,,
2/23/2015,36,2150,10.5,2109.66,0.002,55.3,,,,,,,,,,,,,,
2/23/2015,36,2155,8.95,2109.66,0.002,59.15,,,,,,,,,,,,,,
2/23/2015,36,2160,7.6,2109.66,0.002,63,,,,,,,,,,,,,,
2/23/2015,36,2165,6.45,2109.66,0.002,66.95,,,,,,,,,,,,,,
2/23/2015,36,2170,5.4,2109.66,0.002,70.2,,,,,,,,,,,,,,
2/23/2015,36,2175,4.5,2109.66,0.002,74.15,,,,,,,,,,,,,,
2/23/2015,36,2180,3.8,2109.66,0.002,78.55,,,,,,,,,,,,,,
2/23/2015,36,2185,3.2,2109.66,0.002,82.9,,,,,,,,,,,,,,
2/23/2015,36,2190,2.7,2109.66,0.002,87.45,,,,,,,,,,,,,,
2/23/2015,36,2195,2.275,2109.66,0.002,92.1,,,,,,,,,,,,,,
2/23/2015,36,2200,1.925,2109.66,0.002,96.75,,,,,,,,,,,,,,
2/24/2015,17,2020,96.35,2115.48,0.0016,2.475,,,,,,,,,,,,,,
2/24/2015,17,2025,91.55,2115.48,0.0016,2.725,,,,,,,,,,,,,,
2/24/2015,17,2030,86.8,2115.48,0.0016,2.975,,,,,,,,,,,,,,
2/24/2015,17,2035,82,2115.48,0.0016,3.25,,,,,,,,,,,,,,
2/24/2015,17,2040,77.35,2115.48,0.0016,3.55,,,,,,,,,,,,,,
2/24/2015,17,2045,72.35,2115.48,0.0016,3.9,,,,,,,,,,,,,,
2/24/2015,17,2050,67.8,2115.48,0.0016,4.3,,,,,,,,,,,,,,
2/24/2015,17,2055,63.25,2115.48,0.0016,4.8,,,,,,,,,,,,,,
2/24/2015,17,2060,58.75,2115.48,0.0016,5.3,,,,,,,,,,,,,,
2/24/2015,17,2065,54.4,2115.48,0.0016,5.9,,,,,,,,,,,,,,
2/24/2015,17,2070,50.1,2115.48,0.0016,6.6,,,,,,,,,,,,,,
2/24/2015,17,2075,45.85,2115.48,0.0016,7.35,,,,,,,,,,,,,,
2/24/2015,17,2080,41.65,2115.48,0.0016,8.2,,,,,,,,,,,,,,
2/24/2015,17,2085,37.75,2115.48,0.0016,9.2,,,,,,,,,,,,,,
2/24/2015,17,2090,33.8,2115.48,0.0016,10.3,,,,,,,,,,,,,,
2/24/2015,17,2095,30.1,2115.48,0.0016,11.55,,,,,,,,,,,,,,
2/24/2015,17,2100,26.5,2115.48,0.0016,12.9,,,,,,,,,,,,,,
2/24/2015,17,2105,23.05,2115.48,0.0016,14.45,,,,,,,,,,,,,,
2/24/2015,17,2110,20,2115.48,0.0016,16.25,,,,,,,,,,,,,,
2/24/2015,17,2115,17.05,2115.48,0.0016,18.45,,,,,,,,,,,,,,
2/24/2015,17,2120,14.3,2115.48,0.0016,20.7,,,,,,,,,,,,,,
2/24/2015,17,2125,11.75,2115.48,0.0016,23.45,,,,,,,,,,,,,,
2/24/2015,17,2130,9.55,2115.48,0.0016,26.25,,,,,,,,,,,,,,
2/24/2015,17,2135,7.6,2115.48,0.0016,29.3,,,,,,,,,,,,,,
2/24/2015,17,2140,5.95,2115.48,0.0016,32.65,,,,,,,,,,,,,,
2/24/2015,17,2145,4.5,2115.48,0.0016,36.25,,,,,,,,,,,,,,
2/24/2015,17,2150,3.45,2115.48,0.0016,40.2,,,,,,,,,,,,,,
2/24/2015,17,2155,2.625,2115.48,0.0016,44.15,,,,,,,,,,,,,,
2/24/2015,17,2160,1.975,2115.48,0.0016,48.05,,,,,,,,,,,,,,
2/24/2015,35,2025,97.75,2115.48,0.0019,9.7,,,,,,,,,,,,,,
2/24/2015,35,2030,93.4,2115.48,0.0019,10.3,,,,,,,,,,,,,,
2/24/2015,35,2035,89.1,2115.48,0.0019,10.9,,,,,,,,,,,,,,
2/24/2015,35,2040,84.75,2115.48,0.0019,11.55,,,,,,,,,,,,,,
2/24/2015,35,2045,80.4,2115.48,0.0019,12.3,,,,,,,,,,,,,,
2/24/2015,35,2050,76.25,2115.48,0.0019,13.1,,,,,,,,,,,,,,
2/24/2015,35,2055,72.15,2115.48,0.0019,13.9,,,,,,,,,,,,,,
2/24/2015,35,2060,68.05,2115.48,0.0019,14.8,,,,,,,,,,,,,,
2/24/2015,35,2065,64,2115.48,0.0019,15.75,,,,,,,,,,,,,,
2/24/2015,35,2070,60.05,2115.48,0.0019,16.75,,,,,,,,,,,,,,
2/24/2015,35,2075,56.15,2115.48,0.0019,17.85,,,,,,,,,,,,,,
2/24/2015,35,2080,52.3,2115.48,0.0019,19.05,,,,,,,,,,,,,,
2/24/2015,35,2085,48.55,2115.48,0.0019,20.3,,,,,,,,,,,,,,
2/24/2015,35,2090,44.9,2115.48,0.0019,21.65,,,,,,,,,,,,,,
2/24/2015,35,2095,41.4,2115.48,0.0019,23.1,,,,,,,,,,,,,,
2/24/2015,35,2100,37.9,2115.48,0.0019,24.65,,,,,,,,,,,,,,
2/24/2015,35,2105,34.6,2115.48,0.0019,26.35,,,,,,,,,,,,,,
2/24/2015,35,2110,31.45,2115.48,0.0019,28.35,,,,,,,,,,,,,,
2/24/2015,35,2115,28.35,2115.48,0.0019,30.15,,,,,,,,,,,,,,
2/24/2015,35,2120,25.4,2115.48,0.0019,32.35,,,,,,,,,,,,,,
2/24/2015,35,2125,22.6,2115.48,0.0019,34.6,,,,,,,,,,,,,,
2/24/2015,35,2130,20,2115.48,0.0019,37.1,,,,,,,,,,,,,,
2/24/2015,35,2135,17.55,2115.48,0.0019,39.7,,,,,,,,,,,,,,
2/24/2015,35,2140,15.3,2115.48,0.0019,42.5,,,,,,,,,,,,,,
2/24/2015,35,2145,13.25,2115.48,0.0019,45.55,,,,,,,,,,,,,,
2/24/2015,35,2150,11.3,2115.48,0.0019,48.5,,,,,,,,,,,,,,
2/24/2015,35,2155,9.65,2115.48,0.0019,51.55,,,,,,,,,,,,,,
2/24/2015,35,2160,8.15,2115.48,0.0019,55.45,,,,,,,,,,,,,,
2/24/2015,35,2165,6.85,2115.48,0.0019,59.3,,,,,,,,,,,,,,
2/24/2015,35,2170,5.65,2115.48,0.0019,62.75,,,,,,,,,,,,,,
2/24/2015,35,2175,4.7,2115.48,0.0019,66.85,,,,,,,,,,,,,,
2/24/2015,35,2180,3.9,2115.48,0.0019,70.65,,,,,,,,,,,,,,
2/24/2015,35,2185,3.3,2115.48,0.0019,75.4,,,,,,,,,,,,,,
2/24/2015,35,2190,2.75,2115.48,0.0019,79.4,,,,,,,,,,,,,,
2/24/2015,35,2195,2.3,2115.48,0.0019,84.35,,,,,,,,,,,,,,
2/24/2015,35,2200,1.95,2115.48,0.0019,88.95,,,,,,,,,,,,,,
2/25/2015,16,2015,99.3,2113.86,0.0015,2.4,,,,,,,,,,,,,,
2/25/2015,16,2020,94.5,2113.86,0.0015,2.575,,,,,,,,,,,,,,
2/25/2015,16,2025,89.5,2113.86,0.0015,2.8,,,,,,,,,,,,,,
2/25/2015,16,2030,84.8,2113.86,0.0015,3,,,,,,,,,,,,,,
2/25/2015,16,2035,80.1,2113.86,0.0015,3.25,,,,,,,,,,,,,,
2/25/2015,16,2040,75.45,2113.86,0.0015,3.55,,,,,,,,,,,,,,
2/25/2015,16,2045,70.85,2113.86,0.0015,3.9,,,,,,,,,,,,,,
2/25/2015,16,2050,66.25,2113.86,0.0015,4.3,,,,,,,,,,,,,,
2/25/2015,16,2055,61.75,2113.86,0.0015,4.75,,,,,,,,,,,,,,
2/25/2015,16,2060,57.25,2113.86,0.0015,5.3,,,,,,,,,,,,,,
2/25/2015,16,2065,53,2113.86,0.0015,5.85,,,,,,,,,,,,,,
2/25/2015,16,2070,48.6,2113.86,0.0015,6.55,,,,,,,,,,,,,,
2/25/2015,16,2075,44.45,2113.86,0.0015,7.25,,,,,,,,,,,,,,
2/25/2015,16,2080,40.3,2113.86,0.0015,8.15,,,,,,,,,,,,,,
2/25/2015,16,2085,36.35,2113.86,0.0015,9.2,,,,,,,,,,,,,,
2/25/2015,16,2090,32.3,2113.86,0.0015,10.3,,,,,,,,,,,,,,
2/25/2015,16,2095,28.45,2113.86,0.0015,11.6,,,,,,,,,,,,,,
2/25/2015,16,2100,24.95,2113.86,0.0015,13.2,,,,,,,,,,,,,,
2/25/2015,16,2105,21.6,2113.86,0.0015,14.9,,,,,,,,,,,,,,
2/25/2015,16,2110,18.5,2113.86,0.0015,16.65,,,,,,,,,,,,,,
2/25/2015,16,2115,15.55,2113.86,0.0015,18.8,,,,,,,,,,,,,,
2/25/2015,16,2120,12.85,2113.86,0.0015,21.2,,,,,,,,,,,,,,
2/25/2015,16,2125,10.35,2113.86,0.0015,24.6,,,,,,,,,,,,,,
2/25/2015,16,2130,8.35,2113.86,0.0015,27.45,,,,,,,,,,,,,,
2/25/2015,16,2135,6.65,2113.86,0.0015,30.25,,,,,,,,,,,,,,
2/25/2015,16,2140,5.05,2113.86,0.0015,33.4,,,,,,,,,,,,,,
2/25/2015,16,2145,3.85,2113.86,0.0015,37.05,,,,,,,,,,,,,,
2/25/2015,16,2150,2.85,2113.86,0.0015,41.15,,,,,,,,,,,,,,
2/25/2015,16,2155,2.175,2113.86,0.0015,45.45,,,,,,,,,,,,,,
2/25/2015,16,2160,1.65,2113.86,0.0015,49.75,,,,,,,,,,,,,,
2/25/2015,36,2025,96.65,2113.86,0.002,10.65,,,,,,,,,,,,,,
2/25/2015,36,2030,92.55,2113.86,0.002,11.3,,,,,,,,,,,,,,
2/25/2015,36,2035,87.9,2113.86,0.002,11.9,,,,,,,,,,,,,,
2/25/2015,36,2040,83.65,2113.86,0.002,12.7,,,,,,,,,,,,,,
2/25/2015,36,2045,79.6,2113.86,0.002,13.4,,,,,,,,,,,,,,
2/25/2015,36,2050,75.5,2113.86,0.002,14.3,,,,,,,,,,,,,,
2/25/2015,36,2055,71.25,2113.86,0.002,15.2,,,,,,,,,,,,,,
2/25/2015,36,2060,67.25,2113.86,0.002,16.05,,,,,,,,,,,,,,
2/25/2015,36,2065,63.15,2113.86,0.002,17.05,,,,,,,,,,,,,,
2/25/2015,36,2070,59.1,2113.86,0.002,18.15,,,,,,,,,,,,,,
2/25/2015,36,2075,55.5,2113.86,0.002,19.3,,,,,,,,,,,,,,
2/25/2015,36,2080,51.45,2113.86,0.002,20.55,,,,,,,,,,,,,,
2/25/2015,36,2085,47.75,2113.86,0.002,21.85,,,,,,,,,,,,,,
2/25/2015,36,2090,44.25,2113.86,0.002,23.2,,,,,,,,,,,,,,
2/25/2015,36,2095,40.9,2113.86,0.002,24.75,,,,,,,,,,,,,,
2/25/2015,36,2100,37.5,2113.86,0.002,26.35,,,,,,,,,,,,,,
2/25/2015,36,2105,34.1,2113.86,0.002,28,,,,,,,,,,,,,,
2/25/2015,36,2110,30.95,2113.86,0.002,29.95,,,,,,,,,,,,,,
2/25/2015,36,2115,28,2113.86,0.002,31.9,,,,,,,,,,,,,,
2/25/2015,36,2120,25,2113.86,0.002,33.95,,,,,,,,,,,,,,
2/25/2015,36,2125,22.4,2113.86,0.002,36.35,,,,,,,,,,,,,,
2/25/2015,36,2130,19.75,2113.86,0.002,38.6,,,,,,,,,,,,,,
2/25/2015,36,2135,17.35,2113.86,0.002,41.2,,,,,,,,,,,,,,
2/25/2015,36,2140,15.15,2113.86,0.002,44.05,,,,,,,,,,,,,,
2/25/2015,36,2145,13.1,2113.86,0.002,46.9,,,,,,,,,,,,,,
2/25/2015,36,2150,11.25,2113.86,0.002,50,,,,,,,,,,,,,,
2/25/2015,36,2155,9.55,2113.86,0.002,53.5,,,,,,,,,,,,,,
2/25/2015,36,2160,8.1,2113.86,0.002,57.05,,,,,,,,,,,,,,
2/25/2015,36,2165,6.8,2113.86,0.002,60.7,,,,,,,,,,,,,,
2/25/2015,36,2170,5.6,2113.86,0.002,64.5,,,,,,,,,,,,,,
2/25/2015,36,2175,4.7,2113.86,0.002,68.65,,,,,,,,,,,,,,
2/25/2015,36,2180,3.95,2113.86,0.002,72.65,,,,,,,,,,,,,,
2/25/2015,36,2185,3.25,2113.86,0.002,77.2,,,,,,,,,,,,,,
2/25/2015,36,2190,2.7,2113.86,0.002,81.9,,,,,,,,,,,,,,
2/25/2015,36,2200,1.9,2113.86,0.002,91.1,,,,,,,,,,,,,,
2/26/2015,15,2015,96.3,2110.74,0.0015,2.175,49.2375,,,,,,,,,,,,,
2/26/2015,15,2020,91.5,2110.74,0.0015,2.4,46.95,,,,,,,,,,,,,
2/26/2015,15,2025,86.7,2110.74,0.0015,2.6,44.65,,,,,,,,,,,,,
2/26/2015,15,2030,81.95,2110.74,0.0015,2.85,42.4,,,,,,,,,,,,,
2/26/2015,15,2035,77.25,2110.74,0.0015,3.1,40.175,,,,,,,,,,,,,
2/26/2015,15,2040,72.55,2110.74,0.0015,3.45,38,,,,,,,,,,,,,
2/26/2015,15,2045,67.95,2110.74,0.0015,3.8,35.875,,,,,,,,,,,,,
2/26/2015,15,2050,63.35,2110.74,0.0015,4.25,33.8,,,,,,,,,,,,,
2/26/2015,15,2055,58.85,2110.74,0.0015,4.65,31.75,,,,,,,,,,,,,
2/26/2015,15,2060,54.4,2110.74,0.0015,5.2,29.8,,,,,,,,,,,,,
2/26/2015,15,2065,50,2110.74,0.0015,5.8,27.9,,,,,,,,,,,,,
2/26/2015,15,2070,45.7,2110.74,0.0015,6.6,26.15,,,,,,,,,,,,,
2/26/2015,15,2075,41.5,2110.74,0.0015,7.4,24.45,,,,,,,,,,,,,
2/26/2015,15,2080,37.45,2110.74,0.0015,8.25,22.85,,,,,,,,,,,,,
2/26/2015,15,2085,33.45,2110.74,0.0015,9.35,21.4,,,,,,,,,,,,,
2/26/2015,15,2090,29.75,2110.74,0.0015,10.5,20.125,,,,,,,,,,,,,
2/26/2015,15,2095,26.05,2110.74,0.0015,11.85,18.95,,,,,,,,,,,,,
2/26/2015,15,2100,22.7,2110.74,0.0015,13.55,18.125,,,,,,,,,,,,,
2/26/2015,15,2105,19.45,2110.74,0.0015,15.3,17.375,,,,,,,,,,,,,
2/26/2015,15,2110,16.3,2110.74,0.0015,17.3,16.8,,,,,,,,,,,,,
2/26/2015,15,2115,13.55,2110.74,0.0015,19.5,16.525,,,,,,,,,,,,,
2/26/2015,15,2120,11.05,2110.74,0.0015,22,16.525,,,,,,,,,,,,,
2/26/2015,15,2125,8.85,2110.74,0.0015,24.95,16.9,,,,,,,,,,,,,
2/26/2015,15,2130,6.95,2110.74,0.0015,27.75,17.35,,,,,,,,,,,,,
2/26/2015,15,2135,5.35,2110.74,0.0015,31.25,18.3,,,,,,,,,,,,,
2/26/2015,15,2140,4.05,2110.74,0.0015,35.2,19.625,,,,,,,,,,,,,
2/26/2015,15,2145,3.05,2110.74,0.0015,38.9,20.975,,,,,,,,,,,,,
2/26/2015,15,2150,2.2,2110.74,0.0015,43.15,22.675,,,,,,,,,,,,,
2/26/2015,15,2155,1.625,2110.74,0.0015,47.3,24.4625,,,,,,,,,,,,,
2/26/2015,35,2020,98.65,2110.74,0.002,10.35,,,,,,,,,,,,,,
2/26/2015,35,2025,94.3,2110.74,0.002,10.95,,,,,,,,,,,,,,
2/26/2015,35,2030,89.9,2110.74,0.002,11.65,,,,,,,,,,,,,,
2/26/2015,35,2035,85.6,2110.74,0.002,12.3,,,,,,,,,,,,,,
2/26/2015,35,2040,81.3,2110.74,0.002,13.1,,,,,,,,,,,,,,
2/26/2015,35,2045,77.1,2110.74,0.002,13.9,,,,,,,,,,,,,,
2/26/2015,35,2050,73,2110.74,0.002,14.75,,,,,,,,,,,,,,
2/26/2015,35,2055,68.9,2110.74,0.002,15.65,,,,,,,,,,,,,,
2/26/2015,35,2060,64.85,2110.74,0.002,16.6,,,,,,,,,,,,,,
2/26/2015,35,2065,60.95,2110.74,0.002,17.7,,,,,,,,,,,,,,
2/26/2015,35,2070,57.05,2110.74,0.002,18.8,,,,,,,,,,,,,,
2/26/2015,35,2075,53.2,2110.74,0.002,20,,,,,,,,,,,,,,
2/26/2015,35,2080,49.5,2110.74,0.002,21.3,,,,,,,,,,,,,,
2/26/2015,35,2085,45.85,2110.74,0.002,22.6,,,,,,,,,,,,,,
2/26/2015,35,2090,42.3,2110.74,0.002,24.05,,,,,,,,,,,,,,
2/26/2015,35,2095,38.85,2110.74,0.002,25.55,,,,,,,,,,,,,,
2/26/2015,35,2100,35.5,2110.74,0.002,27.3,,,,,,,,,,,,,,
2/26/2015,35,2105,32.3,2110.74,0.002,29.05,,,,,,,,,,,,,,
2/26/2015,35,2110,29.25,2110.74,0.002,31.2,,,,,,,,,,,,,,
2/26/2015,35,2115,26.3,2110.74,0.002,33.5,,,,,,,,,,,,,,
2/26/2015,35,2120,23.55,2110.74,0.002,34.95,,,,,,,,,,,,,,
2/26/2015,35,2125,20.9,2110.74,0.002,38,,,,,,,,,,,,,,
2/26/2015,35,2130,18.4,2110.74,0.002,40.6,,,,,,,,,,,,,,
2/26/2015,35,2135,16.2,2110.74,0.002,43.2,,,,,,,,,,,,,,
2/26/2015,35,2140,14.1,2110.74,0.002,46.05,,,,,,,,,,,,,,
2/26/2015,35,2145,12.15,2110.74,0.002,49.1,,,,,,,,,,,,,,
2/26/2015,35,2150,10.35,2110.74,0.002,52.15,,,,,,,,,,,,,,
2/26/2015,35,2155,8.75,2110.74,0.002,55.55,,,,,,,,,,,,,,
2/26/2015,35,2160,7.35,2110.74,0.002,59.25,,,,,,,,,,,,,,
2/26/2015,35,2165,6.2,2110.74,0.002,62.95,,,,,,,,,,,,,,
2/26/2015,35,2170,5.15,2110.74,0.002,67,,,,,,,,,,,,,,
2/26/2015,35,2175,4.25,2110.74,0.002,70.6,,,,,,,,,,,,,,
2/26/2015,35,2180,3.55,2110.74,0.002,75.1,,,,,,,,,,,,,,
2/26/2015,35,2185,2.925,2110.74,0.002,79.7,,,,,,,,,,,,,,
2/26/2015,35,2190,2.45,2110.74,0.002,84.2,,,,,,,,,,,,,,
2/26/2015,35,2195,2.05,2110.74,0.002,88.6,,,,,,,,,,,,,,
2/26/2015,35,2200,1.75,2110.74,0.002,93.3,,,,,,,,,,,,,,
